regionname,vote_swing,msa
"abilene, tx",2.4035707342521584,"Abilene, TX MSAAbilene, TX MSAAbilene, TX MSA"
"aguadilla, pr",,"Aguadilla, PR MSAAguadilla, PR MSAAguadilla, PR MSAAguadilla, PR MSAAguadilla, PR MSAAguadilla, PR MSAAguadilla, PR MSA"
"akron, oh",1.465225754098698,"Akron, OH MSAAkron, OH MSA"
"albany, ga",0.8568089007409629,"Albany, GA MSAAlbany, GA MSAAlbany, GA MSAAlbany, GA MSA"
"albany, ny",3.2718927097434456,"Albany-Schenectady-Troy, NY MSAAlbany-Schenectady-Troy, NY MSAAlbany-Schenectady-Troy, NY MSAAlbany-Schenectady-Troy, NY MSAAlbany-Schenectady-Troy, NY MSA"
"albany, or",0.44375004124425077,"Albany, OR MSA"
"albuquerque, nm",1.8568667253241744,"Albuquerque, NM MSAAlbuquerque, NM MSAAlbuquerque, NM MSAAlbuquerque, NM MSA"
"alexandria, la",,"Alexandria, LA MSAAlexandria, LA MSA"
"allentown, pa",1.8285624743047568,"Allentown-Bethlehem-Easton, PA-NJ MSAAllentown-Bethlehem-Easton, PA-NJ MSAAllentown-Bethlehem-Easton, PA-NJ MSAAllentown-Bethlehem-Easton, PA-NJ MSA"
"altoona, pa",-0.08394289131480326,"Altoona, PA MSA"
"amarillo, tx",1.900271870503123,"Amarillo, TX MSAAmarillo, TX MSAAmarillo, TX MSAAmarillo, TX MSAAmarillo, TX MSA"
"ames, ia",3.4390643686951936,"Ames, IA MSAAmes, IA MSA"
"amherst town, ma",2.2262706023207066,"Amherst Town-Northampton, MA MSA"
"anchorage, ak",,"Anchorage, AK MSAAnchorage, AK MSA"
"ann arbor, mi",0.49893349502488915,"Ann Arbor, MI MSA"
"anniston, al",2.9086976023063538,"Anniston-Oxford, AL MSA"
"appleton, wi",0.30137782792233336,"Appleton, WI MSAAppleton, WI MSA"
"arecibo, pr",,"Arecibo, PR MSAArecibo, PR MSAArecibo, PR MSAArecibo, PR MSA"
"asheville, nc",-1.6918236203644466,"Asheville, NC MSAAsheville, NC MSAAsheville, NC MSA"
"athens, ga",2.4014037572119507,"Athens-Clarke County, GA MSAAthens-Clarke County, GA MSAAthens-Clarke County, GA MSAAthens-Clarke County, GA MSA"
"atlanta, ga",0.8054285096214919,"Atlanta-Sandy Springs-Roswell, GA MSAAtlanta-Sandy Springs-Roswell, GA MSAAtlanta-Sandy Springs-Roswell, GA MSAAtlanta-Sandy Springs-Roswell, GA MSAAtlanta-Sandy Springs-Roswell, GA MSAAtlanta-Sandy Springs-Roswell, GA MSAAtlanta-Sandy Springs-Roswell, GA MSAAtlanta-Sandy Springs-Roswell, GA MSAAtlanta-Sandy Springs-Roswell, GA MSAAtlanta-Sandy Springs-Roswell, GA MSAAtlanta-Sandy Springs-Roswell, GA MSAAtlanta-Sandy Springs-Roswell, GA MSAAtlanta-Sandy Springs-Roswell, GA MSAAtlanta-Sandy Springs-Roswell, GA MSAAtlanta-Sandy Springs-Roswell, GA MSAAtlanta-Sandy Springs-Roswell, GA MSAAtlanta-Sandy Springs-Roswell, GA MSAAtlanta-Sandy Springs-Roswell, GA MSAAtlanta-Sandy Springs-Roswell, GA MSAAtlanta-Sandy Springs-Roswell, GA MSAAtlanta-Sandy Springs-Roswell, GA MSAAtlanta-Sandy Springs-Roswell, GA MSAAtlanta-Sandy Springs-Roswell, GA MSAAtlanta-Sandy Springs-Roswell, GA MSAAtlanta-Sandy Springs-Roswell, GA MSAAtlanta-Sandy Springs-Roswell, GA MSAAtlanta-Sandy Springs-Roswell, GA MSAAtlanta-Sandy Springs-Roswell, GA MSAAtlanta-Sandy Springs-Roswell, GA MSA"
"atlantic city, nj",3.9700413216516353,"Atlantic City-Hammonton, NJ MSAAtlantic City-Hammonton, NJ MSA"
"auburn, al",4.334584837212219,"Auburn-Opelika, AL MSAAuburn-Opelika, AL MSA"
"augusta, ga",1.7963187961717808,"Augusta-Richmond County, GA-SC MSAAugusta-Richmond County, GA-SC MSAAugusta-Richmond County, GA-SC MSAAugusta-Richmond County, GA-SC MSAAugusta-Richmond County, GA-SC MSAAugusta-Richmond County, GA-SC MSAAugusta-Richmond County, GA-SC MSA"
"austin, tx",3.143517801372825,"Austin-Round Rock-San Marcos, TX MSAAustin-Round Rock-San Marcos, TX MSAAustin-Round Rock-San Marcos, TX MSAAustin-Round Rock-San Marcos, TX MSAAustin-Round Rock-San Marcos, TX MSA"
"bakersfield, ca",5.392081621214184,"Bakersfield-Delano, CA MSA"
"baltimore, md",0.7451885072011499,"Baltimore-Columbia-Towson, MD MSABaltimore-Columbia-Towson, MD MSABaltimore-Columbia-Towson, MD MSABaltimore-Columbia-Towson, MD MSABaltimore-Columbia-Towson, MD MSABaltimore-Columbia-Towson, MD MSABaltimore-Columbia-Towson, MD MSA"
"bangor, me",2.439113003295379,"Bangor, ME MSA"
"barnstable town, ma",2.1074161689674744,"Barnstable Town, MA MSA"
"baton rouge, la",,"Baton Rouge, LA MSABaton Rouge, LA MSABaton Rouge, LA MSABaton Rouge, LA MSABaton Rouge, LA MSABaton Rouge, LA MSABaton Rouge, LA MSABaton Rouge, LA MSABaton Rouge, LA MSABaton Rouge, LA MSA"
"battle creek, mi",1.6375361881078687,"Battle Creek, MI MSA"
"bay city, mi",1.7470802725639278,"Bay City, MI MSA"
"beaumont, tx",3.69491188208807,"Beaumont-Port Arthur, TX MSABeaumont-Port Arthur, TX MSABeaumont-Port Arthur, TX MSA"
"beckley, wv",1.6200646179407308,"Beckley, WV MSABeckley, WV MSA"
"bellingham, wa",-0.7268561900152348,"Bellingham, WA MSA"
"bend, or",-0.7587061871260126,"Bend, OR MSABend, OR MSABend, OR MSA"
"billings, mt",1.4947658391571084,"Billings, MT MSABillings, MT MSABillings, MT MSA"
"binghamton, ny",2.332762112333725,"Binghamton, NY MSABinghamton, NY MSA"
"birmingham, al",1.6963321372373552,"Birmingham, AL MSABirmingham, AL MSABirmingham, AL MSABirmingham, AL MSABirmingham, AL MSABirmingham, AL MSABirmingham, AL MSA"
"bismarck, nd",1.52650462016648,"Bismarck, ND MSABismarck, ND MSABismarck, ND MSA"
"blacksburg, va",1.3989919918019456,"Blacksburg-Christiansburg-Radford, VA MSABlacksburg-Christiansburg-Radford, VA MSABlacksburg-Christiansburg-Radford, VA MSABlacksburg-Christiansburg-Radford, VA MSABlacksburg-Christiansburg-Radford, VA MSA"
"bloomington, il",-0.30374199238985544,"Bloomington, IL MSA"
"bloomington, in",0.6396413538790113,"Bloomington, IN MSABloomington, IN MSA"
"boise city, id",3.679002890127714,"Boise City, ID MSABoise City, ID MSABoise City, ID MSABoise City, ID MSABoise City, ID MSA"
"boston, ma",3.9183338819868907,"Boston-Cambridge-Newton, MA-NH MSABoston-Cambridge-Newton, MA-NH MSABoston-Cambridge-Newton, MA-NH MSABoston-Cambridge-Newton, MA-NH MSABoston-Cambridge-Newton, MA-NH MSABoston-Cambridge-Newton, MA-NH MSABoston-Cambridge-Newton, MA-NH MSA"
"boulder, co",0.1585532835938902,"Boulder, CO MSA"
"bowling green, ky",3.180178794273769,"Bowling Green, KY MSABowling Green, KY MSABowling Green, KY MSABowling Green, KY MSA"
"bozeman, mt",2.1205088818609052,"Bozeman, MT MSA"
"bremerton, wa",-1.1376279345298612,"Bremerton-Silverdale-Port Orchard, WA MSA"
"bridgeport, ct",,"Bridgeport-Stamford-Danbury, CT MSABridgeport-Stamford-Danbury, CT MSA"
"brownsville, tx",9.493783545898038,"Brownsville-Harlingen, TX MSA"
"brunswick, ga",1.9407822991277413,"Brunswick-St. Simons, GA MSABrunswick-St. Simons, GA MSABrunswick-St. Simons, GA MSA"
"buffalo, ny",3.4698689980180166,"Buffalo-Cheektowaga, NY MSABuffalo-Cheektowaga, NY MSA"
"burlington, nc",-0.13334300758685025,"Burlington, NC MSA"
"burlington, vt",1.2604322955439506,"Burlington-South Burlington, VT MSABurlington-South Burlington, VT MSABurlington-South Burlington, VT MSA"
"canton, oh",1.9585628159826785,"Canton-Massillon, OH MSACanton-Massillon, OH MSA"
"cape coral, fl",4.387667564013076,"Cape Coral-Fort Myers, FL MSA"
"cape girardeau, mo",1.184918642253352,"Cape Girardeau, MO-IL MSACape Girardeau, MO-IL MSACape Girardeau, MO-IL MSA"
"carson city, nv",,"Carson City, NV MSA"
"casper, wy",1.3255972545216266,"Casper, WY MSA"
"cedar rapids, ia",2.1330002519178715,"Cedar Rapids, IA MSACedar Rapids, IA MSACedar Rapids, IA MSA"
"chambersburg, pa",-0.042962625929798826,"Chambersburg, PA MSA"
"champaign, il",-0.3792645837984776,"Champaign-Urbana, IL MSAChampaign-Urbana, IL MSAChampaign-Urbana, IL MSA"
"charleston, sc",3.233093954126848,"Charleston-North Charleston, SC MSACharleston-North Charleston, SC MSACharleston-North Charleston, SC MSA"
"charleston, wv",1.0573070005304608,"Charleston, WV MSACharleston, WV MSACharleston, WV MSA"
"charlotte, nc",0.7745105556246967,"Charlotte-Concord-Gastonia, NC-SC MSACharlotte-Concord-Gastonia, NC-SC MSACharlotte-Concord-Gastonia, NC-SC MSACharlotte-Concord-Gastonia, NC-SC MSACharlotte-Concord-Gastonia, NC-SC MSACharlotte-Concord-Gastonia, NC-SC MSACharlotte-Concord-Gastonia, NC-SC MSACharlotte-Concord-Gastonia, NC-SC MSACharlotte-Concord-Gastonia, NC-SC MSACharlotte-Concord-Gastonia, NC-SC MSACharlotte-Concord-Gastonia, NC-SC MSA"
"charlottesville, va",0.3160830494768119,"Charlottesville, VA MSACharlottesville, VA MSACharlottesville, VA MSACharlottesville, VA MSACharlottesville, VA MSA"
"chattanooga, tn",1.8465975363456844,"Chattanooga, TN-GA MSAChattanooga, TN-GA MSAChattanooga, TN-GA MSAChattanooga, TN-GA MSAChattanooga, TN-GA MSAChattanooga, TN-GA MSA"
"cheyenne, wy",3.0626736333302818,"Cheyenne, WY MSA"
"chicago, il",3.629306493156448,"Chicago-Naperville-Elgin, IL-IN MSAChicago-Naperville-Elgin, IL-IN MSAChicago-Naperville-Elgin, IL-IN MSAChicago-Naperville-Elgin, IL-IN MSAChicago-Naperville-Elgin, IL-IN MSAChicago-Naperville-Elgin, IL-IN MSAChicago-Naperville-Elgin, IL-IN MSAChicago-Naperville-Elgin, IL-IN MSAChicago-Naperville-Elgin, IL-IN MSAChicago-Naperville-Elgin, IL-IN MSAChicago-Naperville-Elgin, IL-IN MSAChicago-Naperville-Elgin, IL-IN MSAChicago-Naperville-Elgin, IL-IN MSA"
"chico, ca",2.1691027801784113,"Chico, CA MSA"
"cincinnati, oh",1.0857425560623746,"Cincinnati, OH-KY-IN MSACincinnati, OH-KY-IN MSACincinnati, OH-KY-IN MSACincinnati, OH-KY-IN MSACincinnati, OH-KY-IN MSACincinnati, OH-KY-IN MSACincinnati, OH-KY-IN MSACincinnati, OH-KY-IN MSACincinnati, OH-KY-IN MSACincinnati, OH-KY-IN MSACincinnati, OH-KY-IN MSACincinnati, OH-KY-IN MSACincinnati, OH-KY-IN MSACincinnati, OH-KY-IN MSACincinnati, OH-KY-IN MSA"
"clarksville, tn",2.985693363501374,"Clarksville, TN-KY MSAClarksville, TN-KY MSAClarksville, TN-KY MSAClarksville, TN-KY MSA"
"cleveland, oh",1.6607384299710704,"Cleveland, OH MSACleveland, OH MSACleveland, OH MSACleveland, OH MSACleveland, OH MSACleveland, OH MSA"
"cleveland, tn",2.137652464517892,"Cleveland, TN MSACleveland, TN MSA"
"coeur d'alene, id",4.542314189332652,"Coeur d'Alene, ID MSA"
"college station, tx",5.448307967425459,"College Station-Bryan, TX MSACollege Station-Bryan, TX MSACollege Station-Bryan, TX MSA"
"colorado springs, co",-0.002424095079744948,"Colorado Springs, CO MSAColorado Springs, CO MSA"
"columbia, mo",1.4921438216370875,"Columbia, MO MSAColumbia, MO MSAColumbia, MO MSA"
"columbia, sc",2.618450457401317,"Columbia, SC MSAColumbia, SC MSAColumbia, SC MSAColumbia, SC MSAColumbia, SC MSAColumbia, SC MSA"
"columbus, ga",1.706604080486701,"Columbus, GA-AL MSAColumbus, GA-AL MSAColumbus, GA-AL MSAColumbus, GA-AL MSAColumbus, GA-AL MSAColumbus, GA-AL MSAColumbus, GA-AL MSA"
"columbus, in",0.5904952216820414,"Columbus, IN MSA"
"columbus, oh",1.5299739238699706,"Columbus, OH MSAColumbus, OH MSAColumbus, OH MSAColumbus, OH MSAColumbus, OH MSAColumbus, OH MSAColumbus, OH MSAColumbus, OH MSAColumbus, OH MSAColumbus, OH MSA"
"corpus christi, tx",4.43178651966517,"Corpus Christi, TX MSACorpus Christi, TX MSACorpus Christi, TX MSA"
"corvallis, or",0.06438871152011916,"Corvallis, OR MSA"
"crestview, fl",2.2904755510529506,"Crestview-Fort Walton Beach-Destin, FL MSACrestview-Fort Walton Beach-Destin, FL MSA"
"dallas, tx",3.6465646577460706,"Dallas-Fort Worth-Arlington, TX MSADallas-Fort Worth-Arlington, TX MSADallas-Fort Worth-Arlington, TX MSADallas-Fort Worth-Arlington, TX MSADallas-Fort Worth-Arlington, TX MSADallas-Fort Worth-Arlington, TX MSADallas-Fort Worth-Arlington, TX MSADallas-Fort Worth-Arlington, TX MSADallas-Fort Worth-Arlington, TX MSADallas-Fort Worth-Arlington, TX MSADallas-Fort Worth-Arlington, TX MSA"
"dalton, ga",1.9868149542126678,"Dalton, GA MSADalton, GA MSA"
"daphne, al",2.1916403700491305,"Daphne-Fairhope-Foley, AL MSA"
"davenport, ia",2.384809438068647,"Davenport-Moline-Rock Island, IA-IL MSADavenport-Moline-Rock Island, IA-IL MSADavenport-Moline-Rock Island, IA-IL MSADavenport-Moline-Rock Island, IA-IL MSA"
"dayton, oh",0.9057193916085282,"Dayton-Kettering-Beavercreek, OH MSADayton-Kettering-Beavercreek, OH MSADayton-Kettering-Beavercreek, OH MSA"
"decatur, al",2.2286445859665327,"Decatur, AL MSADecatur, AL MSA"
"decatur, il",0.6985526013246091,"Decatur, IL MSA"
"deltona, fl",3.719071878504776,"Deltona-Daytona Beach-Ormond Beach, FL MSADeltona-Daytona Beach-Ormond Beach, FL MSA"
"denver, co",1.8218502352105648,"Denver-Aurora-Centennial, CO MSADenver-Aurora-Centennial, CO MSADenver-Aurora-Centennial, CO MSADenver-Aurora-Centennial, CO MSADenver-Aurora-Centennial, CO MSADenver-Aurora-Centennial, CO MSADenver-Aurora-Centennial, CO MSADenver-Aurora-Centennial, CO MSADenver-Aurora-Centennial, CO MSADenver-Aurora-Centennial, CO MSA"
"des moines, ia",2.1244893337652284,"Des Moines-West Des Moines, IA MSADes Moines-West Des Moines, IA MSADes Moines-West Des Moines, IA MSADes Moines-West Des Moines, IA MSADes Moines-West Des Moines, IA MSADes Moines-West Des Moines, IA MSA"
"detroit, mi",2.511444482394337,"Detroit-Warren-Dearborn, MI MSADetroit-Warren-Dearborn, MI MSADetroit-Warren-Dearborn, MI MSADetroit-Warren-Dearborn, MI MSADetroit-Warren-Dearborn, MI MSADetroit-Warren-Dearborn, MI MSA"
"dothan, al",2.6436118521885987,"Dothan, AL MSADothan, AL MSADothan, AL MSA"
"dover, de",0.966555562680993,"Dover, DE MSA"
"dubuque, ia",2.7524493643690917,"Dubuque, IA MSA"
"duluth, mn",2.153748019449236,"Duluth, MN-WI MSADuluth, MN-WI MSADuluth, MN-WI MSA"
"durham, nc",0.19968861297062213,"Durham-Chapel Hill, NC MSADurham-Chapel Hill, NC MSADurham-Chapel Hill, NC MSADurham-Chapel Hill, NC MSA"
"eagle pass, tx",14.132055931649157,"Eagle Pass, TX MSA"
"eau claire, wi",0.7741364706127574,"Eau Claire, WI MSAEau Claire, WI MSA"
"el centro, ca",12.397177388526332,"El Centro, CA MSA"
"el paso, tx",10.073847893137222,"El Paso, TX MSAEl Paso, TX MSA"
"elizabethtown, ky",2.7050185857681375,"Elizabethtown, KY MSAElizabethtown, KY MSA"
"elkhart, in",1.9851701067329586,"Elkhart-Goshen, IN MSA"
"elmira, ny",4.846015668715187,"Elmira, NY MSA"
"enid, ok",0.3037609611803327,"Enid, OK MSA"
"erie, pa",1.1305573828355509,"Erie, PA MSA"
"eugene, or",0.4754310673912021,"Eugene-Springfield, OR MSA"
"evansville, in",1.58831720943855,"Evansville, IN MSAEvansville, IN MSAEvansville, IN MSA"
"fairbanks, ak",,"Fairbanks-College, AK MSA"
"fargo, nd",2.8512089057550094,"Fargo, ND-MN MSAFargo, ND-MN MSA"
"farmington, nm",1.8756390630036868,"Farmington, NM MSA"
"fayetteville, ar",0.9343771251359989,"Fayetteville-Springdale-Rogers, AR MSAFayetteville-Springdale-Rogers, AR MSAFayetteville-Springdale-Rogers, AR MSA"
"fayetteville, nc",1.9413755702788582,"Fayetteville, NC MSAFayetteville, NC MSA"
"flagstaff, az",2.264956822195346,"Flagstaff, AZ MSA"
"flint, mi",2.570068375320073,"Flint, MI MSA"
"florence, al",3.5380683815224634,"Florence-Muscle Shoals, AL MSAFlorence-Muscle Shoals, AL MSA"
"florence, sc",3.245138900462352,"Florence, SC MSAFlorence, SC MSA"
"fond du lac, wi",1.2321172672285718,"Fond du Lac, WI MSA"
"fort collins, co",-1.0091907168522096,"Fort Collins-Loveland, CO MSA"
"fort smith, ar",1.3627526206620777,"Fort Smith, AR-OK MSAFort Smith, AR-OK MSAFort Smith, AR-OK MSA"
"fort wayne, in",0.8027885403726454,"Fort Wayne, IN MSAFort Wayne, IN MSAFort Wayne, IN MSA"
"fresno, ca",5.789278357176225,"Fresno, CA MSAFresno, CA MSA"
"gadsden, al",2.8378877957456417,"Gadsden, AL MSA"
"gainesville, fl",3.352539713171315,"Gainesville, FL MSAGainesville, FL MSAGainesville, FL MSA"
"gainesville, ga",0.3157233989806718,"Gainesville, GA MSA"
"gettysburg, pa",-0.24524928380642574,"Gettysburg, PA MSA"
"glens falls, ny",3.6207184578797014,"Glens Falls, NY MSAGlens Falls, NY MSA"
"goldsboro, nc",2.373057376007448,"Goldsboro, NC MSA"
"grand forks, nd",2.732449569706785,"Grand Forks, ND-MN MSAGrand Forks, ND-MN MSA"
"grand island, ne",1.6050854841905826,"Grand Island, NE MSAGrand Island, NE MSAGrand Island, NE MSA"
"grand junction, co",-1.821364731096975,"Grand Junction, CO MSA"
"grand rapids, mi",0.4114460577104295,"Grand Rapids-Wyoming-Kentwood, MI MSAGrand Rapids-Wyoming-Kentwood, MI MSAGrand Rapids-Wyoming-Kentwood, MI MSAGrand Rapids-Wyoming-Kentwood, MI MSAGrand Rapids-Wyoming-Kentwood, MI MSA"
"grants pass, or",1.2405794590149677,"Grants Pass, OR MSA"
"great falls, mt",1.1964105714874052,"Great Falls, MT MSA"
"greeley, co",1.6166391959930637,"Greeley, CO MSA"
"green bay, wi",0.493417892720982,"Green Bay, WI MSAGreen Bay, WI MSAGreen Bay, WI MSA"
"greensboro, nc",0.9644332030392333,"Greensboro-High Point, NC MSAGreensboro-High Point, NC MSAGreensboro-High Point, NC MSA"
"greenville, nc",1.8566877946095683,"Greenville, NC MSA"
"greenville, sc",2.293238095694816,"Greenville-Anderson-Greer, SC MSAGreenville-Anderson-Greer, SC MSAGreenville-Anderson-Greer, SC MSAGreenville-Anderson-Greer, SC MSA"
"guayama, pr",,"Guayama, PR MSAGuayama, PR MSAGuayama, PR MSA"
"gulfport, ms",2.3089575506481386,"Gulfport-Biloxi, MS MSAGulfport-Biloxi, MS MSAGulfport-Biloxi, MS MSAGulfport-Biloxi, MS MSA"
"hagerstown, md",1.443904458766554,"Hagerstown-Martinsburg, MD-WV MSAHagerstown-Martinsburg, MD-WV MSAHagerstown-Martinsburg, MD-WV MSA"
"hammond, la",,"Hammond, LA MSA"
"hanford, ca",5.5353516373834015,"Hanford-Corcoran, CA MSA"
"harrisburg, pa",0.31993263019943763,"Harrisburg-Carlisle, PA MSAHarrisburg-Carlisle, PA MSAHarrisburg-Carlisle, PA MSA"
"harrisonburg, va",-1.639611921597739,"Harrisonburg, VA MSAHarrisonburg, VA MSA"
"hartford, ct",,"Hartford-West Hartford-East Hartford, CT MSAHartford-West Hartford-East Hartford, CT MSA"
"hattiesburg, ms",2.7652967668661432,"Hattiesburg, MS MSAHattiesburg, MS MSAHattiesburg, MS MSA"
"helena, mt",0.9624993464004694,"Helena, MT MSAHelena, MT MSAHelena, MT MSA"
"hickory, nc",0.6037547471627214,"Hickory-Lenoir-Morganton, NC MSAHickory-Lenoir-Morganton, NC MSAHickory-Lenoir-Morganton, NC MSAHickory-Lenoir-Morganton, NC MSA"
"hilton head island, sc",2.581095257952959,"Hilton Head Island-Bluffton-Port Royal, SC MSAHilton Head Island-Bluffton-Port Royal, SC MSA"
"hinesville, ga",4.056061773567565,"Hinesville, GA MSAHinesville, GA MSA"
"homosassa springs, fl",2.2990799132269757,"Homosassa Springs, FL MSA"
"hot springs, ar",1.2313310698476965,"Hot Springs, AR MSA"
"houma, la",,"Houma-Bayou Cane-Thibodaux, LA MSAHouma-Bayou Cane-Thibodaux, LA MSA"
"houston, tx",3.6440889893807116,"Houston-Pasadena-The Woodlands, TX MSAHouston-Pasadena-The Woodlands, TX MSAHouston-Pasadena-The Woodlands, TX MSAHouston-Pasadena-The Woodlands, TX MSAHouston-Pasadena-The Woodlands, TX MSAHouston-Pasadena-The Woodlands, TX MSAHouston-Pasadena-The Woodlands, TX MSAHouston-Pasadena-The Woodlands, TX MSAHouston-Pasadena-The Woodlands, TX MSAHouston-Pasadena-The Woodlands, TX MSA"
"huntington, wv",2.1381367976342047,"Huntington-Ashland, WV-KY-OH MSAHuntington-Ashland, WV-KY-OH MSAHuntington-Ashland, WV-KY-OH MSAHuntington-Ashland, WV-KY-OH MSAHuntington-Ashland, WV-KY-OH MSAHuntington-Ashland, WV-KY-OH MSAHuntington-Ashland, WV-KY-OH MSAHuntington-Ashland, WV-KY-OH MSA"
"huntsville, al",0.7907999022450207,"Huntsville, AL MSAHuntsville, AL MSA"
"idaho falls, id",0.8616962695690678,"Idaho Falls, ID MSAIdaho Falls, ID MSAIdaho Falls, ID MSA"
"indianapolis, in",0.6102507565984683,"Indianapolis-Carmel-Greenwood, IN MSAIndianapolis-Carmel-Greenwood, IN MSAIndianapolis-Carmel-Greenwood, IN MSAIndianapolis-Carmel-Greenwood, IN MSAIndianapolis-Carmel-Greenwood, IN MSAIndianapolis-Carmel-Greenwood, IN MSAIndianapolis-Carmel-Greenwood, IN MSAIndianapolis-Carmel-Greenwood, IN MSAIndianapolis-Carmel-Greenwood, IN MSAIndianapolis-Carmel-Greenwood, IN MSAIndianapolis-Carmel-Greenwood, IN MSA"
"iowa city, ia",2.222114034360423,"Iowa City, IA MSAIowa City, IA MSA"
"ithaca, ny",0.7896032487965332,"Ithaca, NY MSA"
"jackson, mi",1.2995624204056866,"Jackson, MI MSA"
"jackson, ms",2.8402806977735837,"Jackson, MS MSAJackson, MS MSAJackson, MS MSAJackson, MS MSAJackson, MS MSAJackson, MS MSAJackson, MS MSAJackson, MS MSA"
"jackson, tn",3.030683114275967,"Jackson, TN MSAJackson, TN MSAJackson, TN MSAJackson, TN MSA"
"jacksonville, fl",2.5572915330186574,"Jacksonville, FL MSAJacksonville, FL MSAJacksonville, FL MSAJacksonville, FL MSAJacksonville, FL MSA"
"jacksonville, nc",3.497127835522351,"Jacksonville, NC MSA"
"janesville, wi",2.0343435841003563,"Janesville-Beloit, WI MSA"
"jefferson city, mo",0.5569165192233827,"Jefferson City, MO MSAJefferson City, MO MSAJefferson City, MO MSAJefferson City, MO MSA"
"johnson city, tn",1.638901776458035,"Johnson City, TN MSAJohnson City, TN MSAJohnson City, TN MSA"
"johnstown, pa",1.1180680483648509,"Johnstown, PA MSA"
"jonesboro, ar",1.3017677062064914,"Jonesboro, AR MSAJonesboro, AR MSA"
"joplin, mo",0.4950572040356649,"Joplin, MO-KS MSAJoplin, MO-KS MSAJoplin, MO-KS MSA"
"kahului, hi",,"Kahului-Wailuku, HI MSAKahului-Wailuku, HI MSA"
"kalamazoo, mi",0.5312342939251591,"Kalamazoo-Portage, MI MSA"
"kankakee, il",2.0161500426993717,"Kankakee, IL MSA"
"kansas city, mo",-2.9387721558043367,"Kansas City, MO-KS MSAKansas City, MO-KS MSAKansas City, MO-KS MSAKansas City, MO-KS MSAKansas City, MO-KS MSAKansas City, MO-KS MSAKansas City, MO-KS MSAKansas City, MO-KS MSAKansas City, MO-KS MSAKansas City, MO-KS MSAKansas City, MO-KS MSAKansas City, MO-KS MSAKansas City, MO-KS MSAKansas City, MO-KS MSA"
"kennewick, wa",1.4217650084543676,"Kennewick-Richland, WA MSAKennewick-Richland, WA MSA"
"kenosha, wi",1.6782130089735503,"Kenosha, WI MSA"
"killeen, tx",3.947209928109796,"Killeen-Temple, TX MSAKilleen-Temple, TX MSAKilleen-Temple, TX MSA"
"kingsport, tn",1.5715774449670206,"Kingsport-Bristol, TN-VA MSAKingsport-Bristol, TN-VA MSAKingsport-Bristol, TN-VA MSAKingsport-Bristol, TN-VA MSAKingsport-Bristol, TN-VA MSA"
"kingston, ny",2.4949885045842057,"Kingston, NY MSA"
"kiryas joel, ny",4.207549092249508,"Kiryas Joel-Poughkeepsie-Newburgh, NY MSAKiryas Joel-Poughkeepsie-Newburgh, NY MSA"
"knoxville, tn",2.5479482216943516,"Knoxville, TN MSAKnoxville, TN MSAKnoxville, TN MSAKnoxville, TN MSAKnoxville, TN MSAKnoxville, TN MSAKnoxville, TN MSAKnoxville, TN MSAKnoxville, TN MSA"
"kokomo, in",1.6081236054013903,"Kokomo, IN MSA"
"la crosse, wi",2.0660147774278825,"La Crosse-Onalaska, WI-MN MSALa Crosse-Onalaska, WI-MN MSALa Crosse-Onalaska, WI-MN MSA"
"lafayette, in",0.5650576319950473,"Lafayette-West Lafayette, IN MSALafayette-West Lafayette, IN MSALafayette-West Lafayette, IN MSALafayette-West Lafayette, IN MSA"
"lafayette, la",,"Lafayette, LA MSALafayette, LA MSALafayette, LA MSALafayette, LA MSA"
"lake charles, la",,"Lake Charles, LA MSALake Charles, LA MSALake Charles, LA MSA"
"lake havasu city, az",2.3734950352114703,"Lake Havasu City-Kingman, AZ MSA"
"lakeland, fl",3.0191069786257296,"Lakeland-Winter Haven, FL MSA"
"lancaster, pa",0.030133372179852458,"Lancaster, PA MSA"
"lansing, mi",1.1843301154425223,"Lansing-East Lansing, MI MSALansing-East Lansing, MI MSALansing-East Lansing, MI MSA"
"laredo, tx",12.765913147035873,"Laredo, TX MSA"
"las cruces, nm",,"Las Cruces, NM MSA"
"las vegas, nv",3.5044812079355667,"Las Vegas-Henderson-North Las Vegas, NV MSA"
"lawrence, ks",0.722402109197573,"Lawrence, KS MSA"
"lawton, ok",1.955710953339307,"Lawton, OK MSALawton, OK MSA"
"lebanon, pa",0.0388983729254222,"Lebanon, PA MSA"
"lewiston, id",1.56687577027822,"Lewiston, ID-WA MSALewiston, ID-WA MSA"
"lewiston, me",2.7026496005594147,"Lewiston-Auburn, ME MSA"
"lexington park, md",2.573066133794044,"Lexington Park, MD MSALexington Park, MD MSA"
"lexington, ky",2.233047041201491,"Lexington-Fayette, KY MSALexington-Fayette, KY MSALexington-Fayette, KY MSALexington-Fayette, KY MSALexington-Fayette, KY MSALexington-Fayette, KY MSA"
"lima, oh",2.300449858602216,"Lima, OH MSA"
"lincoln, ne",1.8036151343581386,"Lincoln, NE MSALincoln, NE MSA"
"little rock, ar",1.282464646741599,"Little Rock-North Little Rock-Conway, AR MSALittle Rock-North Little Rock-Conway, AR MSALittle Rock-North Little Rock-Conway, AR MSALittle Rock-North Little Rock-Conway, AR MSALittle Rock-North Little Rock-Conway, AR MSALittle Rock-North Little Rock-Conway, AR MSA"
"logan, ut",-0.7824599395704235,"Logan, UT-ID MSALogan, UT-ID MSA"
"longview, tx",2.6018791269164954,"Longview, TX MSALongview, TX MSALongview, TX MSALongview, TX MSA"
"longview, wa",1.1822507746543698,"Longview-Kelso, WA MSA"
"los angeles, ca",4.5454409892232315,"Los Angeles-Long Beach-Anaheim, CA MSALos Angeles-Long Beach-Anaheim, CA MSA"
"louisville, ky",2.2728910967363958,"Louisville-Jefferson County, KY-IN MSALouisville-Jefferson County, KY-IN MSALouisville-Jefferson County, KY-IN MSALouisville-Jefferson County, KY-IN MSALouisville-Jefferson County, KY-IN MSALouisville-Jefferson County, KY-IN MSALouisville-Jefferson County, KY-IN MSALouisville-Jefferson County, KY-IN MSALouisville-Jefferson County, KY-IN MSALouisville-Jefferson County, KY-IN MSALouisville-Jefferson County, KY-IN MSALouisville-Jefferson County, KY-IN MSA"
"lubbock, tx",3.7172572112303626,"Lubbock, TX MSALubbock, TX MSALubbock, TX MSALubbock, TX MSALubbock, TX MSALubbock, TX MSA"
"lynchburg, va",2.00730055082029,"Lynchburg, VA MSALynchburg, VA MSALynchburg, VA MSALynchburg, VA MSALynchburg, VA MSA"
"macon, ga",2.149840321308499,"Macon-Bibb County, GA MSAMacon-Bibb County, GA MSAMacon-Bibb County, GA MSAMacon-Bibb County, GA MSAMacon-Bibb County, GA MSA"
"madison, wi",0.6296239106408086,"Madison, WI MSAMadison, WI MSAMadison, WI MSAMadison, WI MSA"
"manchester, nh",2.49419332774643,"Manchester-Nashua, NH MSA"
"manhattan, ks",1.666737822879183,"Manhattan, KS MSAManhattan, KS MSAManhattan, KS MSA"
"mankato, mn",2.637469684299015,"Mankato, MN MSAMankato, MN MSA"
"mansfield, oh",1.6129850547285662,"Mansfield, OH MSA"
"mayaguez, pr",,"Mayaguez, PR MSAMayaguez, PR MSAMayaguez, PR MSAMayaguez, PR MSAMayaguez, PR MSAMayaguez, PR MSA"
"mcallen, tx",9.995263546902017,"McAllen-Edinburg-Mission, TX MSA"
"medford, or",1.411372951106049,"Medford, OR MSA"
"memphis, tn",3.249126972966865,"Memphis, TN-MS-AR MSAMemphis, TN-MS-AR MSAMemphis, TN-MS-AR MSAMemphis, TN-MS-AR MSAMemphis, TN-MS-AR MSAMemphis, TN-MS-AR MSAMemphis, TN-MS-AR MSAMemphis, TN-MS-AR MSAMemphis, TN-MS-AR MSA"
"merced, ca",7.371916645950516,"Merced, CA MSA"
"miami, fl",7.305168839709141,"Miami-Fort Lauderdale-West Palm Beach, FL MSAMiami-Fort Lauderdale-West Palm Beach, FL MSAMiami-Fort Lauderdale-West Palm Beach, FL MSA"
"michigan city, in",3.45764438485493,"Michigan City-La Porte, IN MSA"
"midland, mi",0.33378117565076026,"Midland, MI MSA"
"midland, tx",2.0689254725727912,"Midland, TX MSAMidland, TX MSA"
"milwaukee, wi",0.07390282849110141,"Milwaukee-Waukesha, WI MSAMilwaukee-Waukesha, WI MSAMilwaukee-Waukesha, WI MSAMilwaukee-Waukesha, WI MSA"
"minneapolis, mn",1.1567553888807924,"Minneapolis-St. Paul-Bloomington, MN-WI MSAMinneapolis-St. Paul-Bloomington, MN-WI MSAMinneapolis-St. Paul-Bloomington, MN-WI MSAMinneapolis-St. Paul-Bloomington, MN-WI MSAMinneapolis-St. Paul-Bloomington, MN-WI MSAMinneapolis-St. Paul-Bloomington, MN-WI MSAMinneapolis-St. Paul-Bloomington, MN-WI MSAMinneapolis-St. Paul-Bloomington, MN-WI MSAMinneapolis-St. Paul-Bloomington, MN-WI MSAMinneapolis-St. Paul-Bloomington, MN-WI MSAMinneapolis-St. Paul-Bloomington, MN-WI MSAMinneapolis-St. Paul-Bloomington, MN-WI MSAMinneapolis-St. Paul-Bloomington, MN-WI MSAMinneapolis-St. Paul-Bloomington, MN-WI MSAMinneapolis-St. Paul-Bloomington, MN-WI MSA"
"minot, nd",1.5017254328677732,"Minot, ND MSAMinot, ND MSAMinot, ND MSA"
"missoula, mt",0.7817779705557415,"Missoula, MT MSAMissoula, MT MSA"
"mobile, al",2.2481563833257723,"Mobile, AL MSA"
"modesto, ca",5.727906577599312,"Modesto, CA MSA"
"monroe, la",,"Monroe, LA MSAMonroe, LA MSAMonroe, LA MSAMonroe, LA MSA"
"monroe, mi",2.2626181542262924,"Monroe, MI MSA"
"montgomery, al",2.1356251890690237,"Montgomery, AL MSAMontgomery, AL MSAMontgomery, AL MSAMontgomery, AL MSA"
"morgantown, wv",0.9550332896043012,"Morgantown, WV MSAMorgantown, WV MSA"
"morristown, tn",2.683443199128932,"Morristown, TN MSAMorristown, TN MSA"
"mount vernon, wa",-0.8310411124405781,"Mount Vernon-Anacortes, WA MSA"
"muncie, in",1.1462968015453212,"Muncie, IN MSA"
"muskegon, mi",1.327725225199211,"Muskegon-Norton Shores, MI MSA"
"myrtle beach, sc",2.7053129913623186,"Myrtle Beach-Conway-North Myrtle Beach, SC MSA"
"napa, ca",2.3991918061392834,"Napa, CA MSA"
"naples, fl",3.840393620120719,"Naples-Marco Island, FL MSA"
"nashville, tn",3.7212645387703858,"Nashville-Davidson--Murfreesboro--Franklin, TN MSANashville-Davidson--Murfreesboro--Franklin, TN MSANashville-Davidson--Murfreesboro--Franklin, TN MSANashville-Davidson--Murfreesboro--Franklin, TN MSANashville-Davidson--Murfreesboro--Franklin, TN MSANashville-Davidson--Murfreesboro--Franklin, TN MSANashville-Davidson--Murfreesboro--Franklin, TN MSANashville-Davidson--Murfreesboro--Franklin, TN MSANashville-Davidson--Murfreesboro--Franklin, TN MSANashville-Davidson--Murfreesboro--Franklin, TN MSANashville-Davidson--Murfreesboro--Franklin, TN MSANashville-Davidson--Murfreesboro--Franklin, TN MSANashville-Davidson--Murfreesboro--Franklin, TN MSANashville-Davidson--Murfreesboro--Franklin, TN MSA"
"new haven, ct",,"New Haven, CT MSA"
"new orleans, la",,"New Orleans-Metairie, LA MSANew Orleans-Metairie, LA MSANew Orleans-Metairie, LA MSANew Orleans-Metairie, LA MSANew Orleans-Metairie, LA MSANew Orleans-Metairie, LA MSANew Orleans-Metairie, LA MSA"
"new york, ny",6.8698536407304225,"New York-Newark-Jersey City, NY-NJ MSANew York-Newark-Jersey City, NY-NJ MSANew York-Newark-Jersey City, NY-NJ MSANew York-Newark-Jersey City, NY-NJ MSANew York-Newark-Jersey City, NY-NJ MSANew York-Newark-Jersey City, NY-NJ MSANew York-Newark-Jersey City, NY-NJ MSANew York-Newark-Jersey City, NY-NJ MSANew York-Newark-Jersey City, NY-NJ MSANew York-Newark-Jersey City, NY-NJ MSANew York-Newark-Jersey City, NY-NJ MSANew York-Newark-Jersey City, NY-NJ MSANew York-Newark-Jersey City, NY-NJ MSANew York-Newark-Jersey City, NY-NJ MSANew York-Newark-Jersey City, NY-NJ MSANew York-Newark-Jersey City, NY-NJ MSANew York-Newark-Jersey City, NY-NJ MSANew York-Newark-Jersey City, NY-NJ MSANew York-Newark-Jersey City, NY-NJ MSANew York-Newark-Jersey City, NY-NJ MSANew York-Newark-Jersey City, NY-NJ MSANew York-Newark-Jersey City, NY-NJ MSA"
"niles, mi",0.29915264376776385,"Niles, MI MSA"
"north port, fl",3.607759034041258,"North Port-Bradenton-Sarasota, FL MSANorth Port-Bradenton-Sarasota, FL MSA"
"norwich, ct",,"Norwich-New London-Willimantic, CT MSA"
"ocala, fl",2.730244530811221,"Ocala, FL MSA"
"odessa, tx",2.637469966678063,"Odessa, TX MSA"
"ogden, ut",-1.0743549175778466,"Ogden, UT MSAOgden, UT MSAOgden, UT MSA"
"oklahoma city, ok",0.9261755210641986,"Oklahoma City, OK MSAOklahoma City, OK MSAOklahoma City, OK MSAOklahoma City, OK MSAOklahoma City, OK MSAOklahoma City, OK MSAOklahoma City, OK MSA"
"olympia, wa",-0.9715059161090722,"Olympia-Lacey-Tumwater, WA MSA"
"omaha, ne",0.8199800740110452,"Omaha, NE-IA MSAOmaha, NE-IA MSAOmaha, NE-IA MSAOmaha, NE-IA MSAOmaha, NE-IA MSAOmaha, NE-IA MSAOmaha, NE-IA MSAOmaha, NE-IA MSA"
"orlando, fl",4.507130219329147,"Orlando-Kissimmee-Sanford, FL MSAOrlando-Kissimmee-Sanford, FL MSAOrlando-Kissimmee-Sanford, FL MSAOrlando-Kissimmee-Sanford, FL MSA"
"oshkosh, wi",0.7364848120145151,"Oshkosh-Neenah, WI MSA"
"owensboro, ky",2.120032700839092,"Owensboro, KY MSAOwensboro, KY MSA"
"oxnard, ca",2.6359971745010977,"Oxnard-Thousand Oaks-Ventura, CA MSA"
"paducah, ky",1.6059223981948478,"Paducah, KY-IL MSAPaducah, KY-IL MSAPaducah, KY-IL MSAPaducah, KY-IL MSAPaducah, KY-IL MSA"
"palm bay, fl",2.025510383271867,"Palm Bay-Melbourne-Titusville, FL MSA"
"panama city, fl",1.785018674469463,"Panama City-Panama City Beach, FL MSAPanama City-Panama City Beach, FL MSA"
"parkersburg, wv",0.3783745756102741,"Parkersburg-Vienna, WV MSAParkersburg-Vienna, WV MSA"
"pensacola, fl",2.6113493306557545,"Pensacola-Ferry Pass-Brent, FL MSAPensacola-Ferry Pass-Brent, FL MSA"
"peoria, il",1.144263112784194,"Peoria, IL MSAPeoria, IL MSAPeoria, IL MSAPeoria, IL MSAPeoria, IL MSA"
"philadelphia, pa",1.9801481157528833,"Philadelphia-Camden-Wilmington, PA-NJ-DE-MD MSAPhiladelphia-Camden-Wilmington, PA-NJ-DE-MD MSAPhiladelphia-Camden-Wilmington, PA-NJ-DE-MD MSAPhiladelphia-Camden-Wilmington, PA-NJ-DE-MD MSAPhiladelphia-Camden-Wilmington, PA-NJ-DE-MD MSAPhiladelphia-Camden-Wilmington, PA-NJ-DE-MD MSAPhiladelphia-Camden-Wilmington, PA-NJ-DE-MD MSAPhiladelphia-Camden-Wilmington, PA-NJ-DE-MD MSAPhiladelphia-Camden-Wilmington, PA-NJ-DE-MD MSAPhiladelphia-Camden-Wilmington, PA-NJ-DE-MD MSAPhiladelphia-Camden-Wilmington, PA-NJ-DE-MD MSA"
"phoenix, az",2.931550973128838,"Phoenix-Mesa-Chandler, AZ MSAPhoenix-Mesa-Chandler, AZ MSA"
"pinehurst, nc",1.0934790864277177,"Pinehurst-Southern Pines, NC MSA"
"pittsburgh, pa",0.5668543240283097,"Pittsburgh, PA MSAPittsburgh, PA MSAPittsburgh, PA MSAPittsburgh, PA MSAPittsburgh, PA MSAPittsburgh, PA MSAPittsburgh, PA MSAPittsburgh, PA MSA"
"pittsfield, ma",3.6702129989992893,"Pittsfield, MA MSA"
"pocatello, id",1.8723393037668234,"Pocatello, ID MSA"
"ponce, pr",,"Ponce, PR MSAPonce, PR MSAPonce, PR MSAPonce, PR MSAPonce, PR MSAPonce, PR MSA"
"port st. lucie, fl",3.1514775603867506,"Port St. Lucie, FL MSAPort St. Lucie, FL MSA"
"portland, me",1.250135537490149,"Portland-South Portland, ME MSAPortland-South Portland, ME MSAPortland-South Portland, ME MSA"
"portland, or",0.2144964600552801,"Portland-Vancouver-Hillsboro, OR-WA MSAPortland-Vancouver-Hillsboro, OR-WA MSAPortland-Vancouver-Hillsboro, OR-WA MSAPortland-Vancouver-Hillsboro, OR-WA MSAPortland-Vancouver-Hillsboro, OR-WA MSAPortland-Vancouver-Hillsboro, OR-WA MSAPortland-Vancouver-Hillsboro, OR-WA MSA"
"prescott valley, az",2.578061972058865,"Prescott Valley-Prescott, AZ MSA"
"providence, ri",4.0465860394540645,"Providence-Warwick, RI-MA MSAProvidence-Warwick, RI-MA MSAProvidence-Warwick, RI-MA MSAProvidence-Warwick, RI-MA MSAProvidence-Warwick, RI-MA MSAProvidence-Warwick, RI-MA MSA"
"provo, ut",-1.138767112960648,"Provo-Orem-Lehi, UT MSAProvo-Orem-Lehi, UT MSA"
"pueblo, co",3.4830601115133586,"Pueblo, CO MSA"
"punta gorda, fl",3.4969005424676403,"Punta Gorda, FL MSA"
"racine, wi",1.1477419692695001,"Racine-Mount Pleasant, WI MSA"
"raleigh, nc",0.46018473874408494,"Raleigh-Cary, NC MSARaleigh-Cary, NC MSARaleigh-Cary, NC MSA"
"rapid city, sd",1.3665401040374725,"Rapid City, SD MSARapid City, SD MSARapid City, SD MSA"
"reading, pa",2.0588746311676065,"Reading, PA MSA"
"redding, ca",1.503900124615598,"Redding, CA MSA"
"reno, nv",2.1535074913574315,"Reno, NV MSAReno, NV MSAReno, NV MSA"
"richmond, va",0.15150859924040194,"Richmond, VA MSARichmond, VA MSARichmond, VA MSARichmond, VA MSARichmond, VA MSARichmond, VA MSARichmond, VA MSARichmond, VA MSARichmond, VA MSARichmond, VA MSARichmond, VA MSARichmond, VA MSARichmond, VA MSARichmond, VA MSARichmond, VA MSARichmond, VA MSARichmond, VA MSA"
"riverside, ca",5.1155030928962955,"Riverside-San Bernardino-Ontario, CA MSARiverside-San Bernardino-Ontario, CA MSA"
"roanoke, va",0.9281099925960046,"Roanoke, VA MSARoanoke, VA MSARoanoke, VA MSARoanoke, VA MSARoanoke, VA MSARoanoke, VA MSA"
"rochester, mn",0.4380332208107962,"Rochester, MN MSARochester, MN MSARochester, MN MSARochester, MN MSA"
"rochester, ny",2.7190378300640528,"Rochester, NY MSARochester, NY MSARochester, NY MSARochester, NY MSARochester, NY MSA"
"rockford, il",0.9063732661381441,"Rockford, IL MSARockford, IL MSA"
"rocky mount, nc",1.4645857943183849,"Rocky Mount, NC MSARocky Mount, NC MSA"
"rome, ga",0.7762311974166658,"Rome, GA MSA"
"sacramento, ca",2.0574036525140063,"Sacramento-Roseville-Folsom, CA MSASacramento-Roseville-Folsom, CA MSASacramento-Roseville-Folsom, CA MSASacramento-Roseville-Folsom, CA MSA"
"saginaw, mi",1.7375990389546403,"Saginaw, MI MSA"
"salem, or",1.3251418705791718,"Salem, OR MSASalem, OR MSA"
"salinas, ca",5.307080182800073,"Salinas, CA MSA"
"salisbury, md",1.4687307240502823,"Salisbury, MD MSASalisbury, MD MSA"
"salt lake city, ut",0.9993636213264989,"Salt Lake City-Murray, UT MSASalt Lake City-Murray, UT MSA"
"san angelo, tx",1.9922621235079152,"San Angelo, TX MSASan Angelo, TX MSA"
"san antonio, tx",4.439618594433909,"San Antonio-New Braunfels, TX MSASan Antonio-New Braunfels, TX MSASan Antonio-New Braunfels, TX MSASan Antonio-New Braunfels, TX MSASan Antonio-New Braunfels, TX MSASan Antonio-New Braunfels, TX MSASan Antonio-New Braunfels, TX MSASan Antonio-New Braunfels, TX MSA"
"san diego, ca",2.690159096165845,"San Diego-Chula Vista-Carlsbad, CA MSA"
"san francisco, ca",2.946358322256526,"San Francisco-Oakland-Fremont, CA MSASan Francisco-Oakland-Fremont, CA MSASan Francisco-Oakland-Fremont, CA MSASan Francisco-Oakland-Fremont, CA MSASan Francisco-Oakland-Fremont, CA MSA"
"san jose, ca",3.0085332910145146,"San Jose-Sunnyvale-Santa Clara, CA MSASan Jose-Sunnyvale-Santa Clara, CA MSA"
"san juan, pr",,"San Juan-Bayamon-Caguas, PR MSASan Juan-Bayamon-Caguas, PR MSASan Juan-Bayamon-Caguas, PR MSASan Juan-Bayamon-Caguas, PR MSASan Juan-Bayamon-Caguas, PR MSASan Juan-Bayamon-Caguas, PR MSASan Juan-Bayamon-Caguas, PR MSASan Juan-Bayamon-Caguas, PR MSASan Juan-Bayamon-Caguas, PR MSASan Juan-Bayamon-Caguas, PR MSASan Juan-Bayamon-Caguas, PR MSASan Juan-Bayamon-Caguas, PR MSASan Juan-Bayamon-Caguas, PR MSASan Juan-Bayamon-Caguas, PR MSASan Juan-Bayamon-Caguas, PR MSASan Juan-Bayamon-Caguas, PR MSASan Juan-Bayamon-Caguas, PR MSASan Juan-Bayamon-Caguas, PR MSASan Juan-Bayamon-Caguas, PR MSASan Juan-Bayamon-Caguas, PR MSASan Juan-Bayamon-Caguas, PR MSASan Juan-Bayamon-Caguas, PR MSASan Juan-Bayamon-Caguas, PR MSASan Juan-Bayamon-Caguas, PR MSASan Juan-Bayamon-Caguas, PR MSASan Juan-Bayamon-Caguas, PR MSASan Juan-Bayamon-Caguas, PR MSASan Juan-Bayamon-Caguas, PR MSASan Juan-Bayamon-Caguas, PR MSASan Juan-Bayamon-Caguas, PR MSASan Juan-Bayamon-Caguas, PR MSASan Juan-Bayamon-Caguas, PR MSASan Juan-Bayamon-Caguas, PR MSASan Juan-Bayamon-Caguas, PR MSASan Juan-Bayamon-Caguas, PR MSASan Juan-Bayamon-Caguas, PR MSASan Juan-Bayamon-Caguas, PR MSASan Juan-Bayamon-Caguas, PR MSASan Juan-Bayamon-Caguas, PR MSASan Juan-Bayamon-Caguas, PR MSA"
"san luis obispo, ca",0.8450921790180699,"San Luis Obispo-Paso Robles, CA MSA"
"sandusky, oh",1.2262583873724475,"Sandusky, OH MSASandusky, OH MSA"
"santa cruz, ca",2.2781752330629153,"Santa Cruz-Watsonville, CA MSA"
"santa fe, nm",2.1445816149485015,"Santa Fe, NM MSA"
"santa maria, ca",2.3065840465619383,"Santa Maria-Santa Barbara, CA MSA"
"santa rosa, ca",2.1847327847307114,"Santa Rosa-Petaluma, CA MSA"
"savannah, ga",1.0096564443809297,"Savannah, GA MSASavannah, GA MSASavannah, GA MSA"
"scranton, pa",2.4896637664654775,"Scranton--Wilkes-Barre, PA MSAScranton--Wilkes-Barre, PA MSAScranton--Wilkes-Barre, PA MSA"
"seattle, wa",0.29754759430222766,"Seattle-Tacoma-Bellevue, WA MSASeattle-Tacoma-Bellevue, WA MSASeattle-Tacoma-Bellevue, WA MSA"
"sebastian, fl",2.665248602957304,"Sebastian-Vero Beach-West Vero Corridor, FL MSA"
"sebring, fl",3.0787692966704805,"Sebring, FL MSA"
"sheboygan, wi",0.40012992121376545,"Sheboygan, WI MSA"
"sherman, tx",2.296467291558102,"Sherman-Denison, TX MSA"
"shreveport, la",,"Shreveport-Bossier City, LA MSAShreveport-Bossier City, LA MSAShreveport-Bossier City, LA MSA"
"sierra vista, az",1.9411276866767468,"Sierra Vista-Douglas, AZ MSA"
"sioux city, ia",3.5759590368927174,"Sioux City, IA-NE-SD MSASioux City, IA-NE-SD MSASioux City, IA-NE-SD MSA"
"sioux falls, sd",1.8140795918688113,"Sioux Falls, SD-MN MSASioux Falls, SD-MN MSASioux Falls, SD-MN MSASioux Falls, SD-MN MSASioux Falls, SD-MN MSA"
"slidell, la",,"Slidell-Mandeville-Covington, LA MSA"
"south bend, in",2.5727990397803047,"South Bend-Mishawaka, IN-MI MSASouth Bend-Mishawaka, IN-MI MSA"
"spartanburg, sc",3.357653807334604,"Spartanburg, SC MSASpartanburg, SC MSA"
"spokane, wa",0.40752131195739283,"Spokane-Spokane Valley, WA MSASpokane-Spokane Valley, WA MSA"
"springfield, il",0.3654999120004443,"Springfield, IL MSASpringfield, IL MSA"
"springfield, ma",4.782477138463159,"Springfield, MA MSA"
"springfield, mo",0.4940130827982614,"Springfield, MO MSASpringfield, MO MSASpringfield, MO MSASpringfield, MO MSASpringfield, MO MSA"
"springfield, oh",3.1365829631219144,"Springfield, OH MSA"
"st. cloud, mn",2.202256890161114,"St. Cloud, MN MSASt. Cloud, MN MSA"
"st. george, ut",0.4983529912588325,"St. George, UT MSA"
"st. joseph, mo",1.6622565365074449,"St. Joseph, MO-KS MSASt. Joseph, MO-KS MSASt. Joseph, MO-KS MSASt. Joseph, MO-KS MSA"
"st. louis, mo",0.7124655931638246,"St. Louis, MO-IL MSASt. Louis, MO-IL MSASt. Louis, MO-IL MSASt. Louis, MO-IL MSASt. Louis, MO-IL MSASt. Louis, MO-IL MSASt. Louis, MO-IL MSASt. Louis, MO-IL MSASt. Louis, MO-IL MSASt. Louis, MO-IL MSASt. Louis, MO-IL MSASt. Louis, MO-IL MSASt. Louis, MO-IL MSASt. Louis, MO-IL MSASt. Louis, MO-IL MSA"
"state college, pa",0.910807742041192,"State College, PA MSA"
"staunton, va",0.36262112276298497,"Staunton-Stuarts Draft, VA MSAStaunton-Stuarts Draft, VA MSAStaunton-Stuarts Draft, VA MSA"
"stockton, ca",6.946882447078956,"Stockton-Lodi, CA MSA"
"sumter, sc",4.039785376983218,"Sumter, SC MSA"
"syracuse, ny",2.571402106389037,"Syracuse, NY MSASyracuse, NY MSASyracuse, NY MSA"
"tallahassee, fl",3.3494811200455663,"Tallahassee, FL MSATallahassee, FL MSATallahassee, FL MSATallahassee, FL MSA"
"tampa, fl",3.7138998702747172,"Tampa-St. Petersburg-Clearwater, FL MSATampa-St. Petersburg-Clearwater, FL MSATampa-St. Petersburg-Clearwater, FL MSATampa-St. Petersburg-Clearwater, FL MSA"
"terre haute, in",1.451818198001964,"Terre Haute, IN MSATerre Haute, IN MSATerre Haute, IN MSATerre Haute, IN MSA"
"texarkana, tx",3.0964572302630944,"Texarkana, TX-AR MSATexarkana, TX-AR MSATexarkana, TX-AR MSA"
"toledo, oh",2.0312534992766587,"Toledo, OH MSAToledo, OH MSAToledo, OH MSA"
"topeka, ks",1.4817077259505318,"Topeka, KS MSATopeka, KS MSATopeka, KS MSATopeka, KS MSATopeka, KS MSA"
"traverse city, mi",-0.5469638811409494,"Traverse City, MI MSATraverse City, MI MSATraverse City, MI MSATraverse City, MI MSA"
"trenton, nj",2.676273846491589,"Trenton-Princeton, NJ MSA"
"tucson, az",1.7581338700322247,"Tucson, AZ MSA"
"tulsa, ok",0.61800899208172,"Tulsa, OK MSATulsa, OK MSATulsa, OK MSATulsa, OK MSATulsa, OK MSATulsa, OK MSATulsa, OK MSA"
"tuscaloosa, al",3.2677407192962526,"Tuscaloosa, AL MSATuscaloosa, AL MSATuscaloosa, AL MSATuscaloosa, AL MSA"
"twin falls, id",2.117343143850281,"Twin Falls, ID MSATwin Falls, ID MSA"
"tyler, tx",2.8356103938628974,"Tyler, TX MSA"
"urban honolulu, hi",2.6174182286286984,"Urban Honolulu, HI MSA"
"utica, ny",4.293414604104562,"Utica-Rome, NY MSAUtica-Rome, NY MSA"
"valdosta, ga",3.279737613906619,"Valdosta, GA MSAValdosta, GA MSAValdosta, GA MSAValdosta, GA MSA"
"vallejo, ca",3.392269960377392,"Vallejo, CA MSA"
"victoria, tx",2.4882875834283613,"Victoria, TX MSAVictoria, TX MSA"
"vineland, nj",4.857796830781064,"Vineland, NJ MSA"
"virginia beach, va",0.8040528680881343,"Virginia Beach-Chesapeake-Norfolk, VA-NC MSAVirginia Beach-Chesapeake-Norfolk, VA-NC MSAVirginia Beach-Chesapeake-Norfolk, VA-NC MSAVirginia Beach-Chesapeake-Norfolk, VA-NC MSAVirginia Beach-Chesapeake-Norfolk, VA-NC MSAVirginia Beach-Chesapeake-Norfolk, VA-NC MSAVirginia Beach-Chesapeake-Norfolk, VA-NC MSAVirginia Beach-Chesapeake-Norfolk, VA-NC MSAVirginia Beach-Chesapeake-Norfolk, VA-NC MSAVirginia Beach-Chesapeake-Norfolk, VA-NC MSAVirginia Beach-Chesapeake-Norfolk, VA-NC MSAVirginia Beach-Chesapeake-Norfolk, VA-NC MSAVirginia Beach-Chesapeake-Norfolk, VA-NC MSAVirginia Beach-Chesapeake-Norfolk, VA-NC MSAVirginia Beach-Chesapeake-Norfolk, VA-NC MSAVirginia Beach-Chesapeake-Norfolk, VA-NC MSAVirginia Beach-Chesapeake-Norfolk, VA-NC MSAVirginia Beach-Chesapeake-Norfolk, VA-NC MSA"
"visalia, ca",6.382710548025905,"Visalia, CA MSA"
"waco, tx",3.8025316896012185,"Waco, TX MSAWaco, TX MSAWaco, TX MSA"
"walla walla, wa",-0.12116557482588775,"Walla Walla, WA MSA"
"warner robins, ga",-0.17574764706086432,"Warner Robins, GA MSAWarner Robins, GA MSA"
"washington, dc",2.9418601341916704,"Washington-Arlington-Alexandria, DC-VA-MD-WV MSAWashington-Arlington-Alexandria, DC-VA-MD-WV MSAWashington-Arlington-Alexandria, DC-VA-MD-WV MSAWashington-Arlington-Alexandria, DC-VA-MD-WV MSAWashington-Arlington-Alexandria, DC-VA-MD-WV MSAWashington-Arlington-Alexandria, DC-VA-MD-WV MSAWashington-Arlington-Alexandria, DC-VA-MD-WV MSAWashington-Arlington-Alexandria, DC-VA-MD-WV MSAWashington-Arlington-Alexandria, DC-VA-MD-WV MSAWashington-Arlington-Alexandria, DC-VA-MD-WV MSAWashington-Arlington-Alexandria, DC-VA-MD-WV MSAWashington-Arlington-Alexandria, DC-VA-MD-WV MSAWashington-Arlington-Alexandria, DC-VA-MD-WV MSAWashington-Arlington-Alexandria, DC-VA-MD-WV MSAWashington-Arlington-Alexandria, DC-VA-MD-WV MSAWashington-Arlington-Alexandria, DC-VA-MD-WV MSAWashington-Arlington-Alexandria, DC-VA-MD-WV MSAWashington-Arlington-Alexandria, DC-VA-MD-WV MSAWashington-Arlington-Alexandria, DC-VA-MD-WV MSAWashington-Arlington-Alexandria, DC-VA-MD-WV MSAWashington-Arlington-Alexandria, DC-VA-MD-WV MSAWashington-Arlington-Alexandria, DC-VA-MD-WV MSAWashington-Arlington-Alexandria, DC-VA-MD-WV MSA"
"waterbury, ct",,"Waterbury-Shelton, CT MSA"
"waterloo, ia",3.682050455297076,"Waterloo-Cedar Falls, IA MSAWaterloo-Cedar Falls, IA MSAWaterloo-Cedar Falls, IA MSA"
"watertown, ny",5.292752146899026,"Watertown-Fort Drum, NY MSA"
"wausau, wi",0.48533328271846976,"Wausau, WI MSA"
"weirton, wv",1.9916927212994429,"Weirton-Steubenville, WV-OH MSAWeirton-Steubenville, WV-OH MSAWeirton-Steubenville, WV-OH MSA"
"wenatchee, wa",0.6985410178346751,"Wenatchee-East Wenatchee, WA MSAWenatchee-East Wenatchee, WA MSA"
"wheeling, wv",0.9285311357687509,"Wheeling, WV-OH MSAWheeling, WV-OH MSAWheeling, WV-OH MSA"
"wichita falls, tx",1.7989971599960963,"Wichita Falls, TX MSAWichita Falls, TX MSAWichita Falls, TX MSA"
"wichita, ks",0.9553407078200848,"Wichita, KS MSAWichita, KS MSAWichita, KS MSAWichita, KS MSA"
"wildwood, fl",0.44280343767790775,"Wildwood-The Villages, FL MSA"
"williamsport, pa",0.14162660162704288,"Williamsport, PA MSA"
"wilmington, nc",1.2253786453081394,"Wilmington, NC MSAWilmington, NC MSAWilmington, NC MSA"
"winchester, va",0.603223870662728,"Winchester, VA-WV MSAWinchester, VA-WV MSAWinchester, VA-WV MSA"
"winston, nc",0.507522688735329,"Winston-Salem, NC MSAWinston-Salem, NC MSAWinston-Salem, NC MSAWinston-Salem, NC MSAWinston-Salem, NC MSA"
"worcester, ma",4.200401851628599,"Worcester, MA MSA"
"yakima, wa",3.069489450607299,"Yakima, WA MSA"
"york, pa",0.3891633990019905,"York-Hanover, PA MSA"
"youngstown, oh",3.414893124045293,"Youngstown-Warren, OH MSAYoungstown-Warren, OH MSA"
"yuba city, ca",5.148286040351269,"Yuba City, CA MSAYuba City, CA MSA"
"yuma, az",7.345069900772172,"Yuma, AZ MSA"
