state,county_name,msa
alabama,autauga,montgomery
alabama,baldwin,daphne-fairhope-foley
alabama,barbour,eufaula
alabama,bibb,birmingham
alabama,blount,birmingham
alabama,calhoun,anniston-oxford
alabama,chambers,lagrange
alabama,chilton,birmingham
alabama,coffee,enterprise
alabama,colbert,florence-muscle shoals
alabama,coosa,talladega-sylacauga
alabama,cullman,cullman
alabama,dale,ozark
alabama,dallas,selma
alabama,dekalb,fort payne
alabama,elmore,montgomery
alabama,etowah,gadsden
alabama,franklin,russellville
alabama,geneva,dothan
alabama,greene,tuscaloosa
alabama,hale,tuscaloosa
alabama,henry,dothan
alabama,houston,dothan
alabama,jackson,scottsboro
alabama,jefferson,birmingham
alabama,lauderdale,florence-muscle shoals
alabama,lawrence,decatur
alabama,lee,auburn-opelika
alabama,limestone,huntsville
alabama,lowndes,montgomery
alabama,macon,auburn-opelika
alabama,madison,huntsville
alabama,marshall,albertville
alabama,mobile,mobile
alabama,montgomery,montgomery
alabama,morgan,decatur
alabama,pickens,tuscaloosa
alabama,pike,troy
alabama,russell,columbus
alabama,st. clair,birmingham
alabama,shelby,birmingham
alabama,talladega,talladega-sylacauga
alabama,tallapoosa,alexander city
alabama,tuscaloosa,tuscaloosa
alabama,walker,birmingham
alaska,anchorage municipality,anchorage
alaska,fairbanks north star,fairbanks-college
alaska,juneau city and,juneau
alaska,ketchikan gateway,ketchikan
alaska,matanuska-susitna,anchorage
arizona,cochise,sierra vista-douglas
arizona,coconino,flagstaff
arizona,gila,payson
arizona,graham,safford
arizona,maricopa,phoenix-mesa-chandler
arizona,mohave,lake havasu city-kingman
arizona,navajo,show low
arizona,pima,tucson
arizona,pinal,phoenix-mesa-chandler
arizona,santa cruz,nogales
arizona,yavapai,prescott valley-prescott
arizona,yuma,yuma
arkansas,baxter,mountain home
arkansas,benton,fayetteville-springdale-rogers
arkansas,boone,harrison
arkansas,calhoun,camden
arkansas,clark,arkadelphia
arkansas,cleveland,pine bluff
arkansas,columbia,magnolia
arkansas,craighead,jonesboro
arkansas,crawford,fort smith
arkansas,crittenden,memphis
arkansas,faulkner,little rock-north little rock-conway
arkansas,garland,hot springs
arkansas,grant,little rock-north little rock-conway
arkansas,greene,paragould
arkansas,hot spring,malvern
arkansas,independence,batesville
arkansas,jefferson,pine bluff
arkansas,little river,texarkana
arkansas,lonoke,little rock-north little rock-conway
arkansas,madison,fayetteville-springdale-rogers
arkansas,miller,texarkana
arkansas,mississippi,blytheville
arkansas,newton,harrison
arkansas,ouachita,camden
arkansas,perry,little rock-north little rock-conway
arkansas,poinsett,jonesboro
arkansas,pope,russellville
arkansas,pulaski,little rock-north little rock-conway
arkansas,st. francis,forrest city
arkansas,saline,little rock-north little rock-conway
arkansas,sebastian,fort smith
arkansas,union,el dorado
arkansas,washington,fayetteville-springdale-rogers
arkansas,white,searcy
arkansas,yell,russellville
california,alameda,san francisco-oakland-fremont
california,alpine,gardnerville ranchos
california,butte,chico
california,contra costa,san francisco-oakland-fremont
california,del norte,crescent city
california,el dorado,sacramento-roseville-folsom
california,fresno,fresno
california,humboldt,eureka-arcata
california,imperial,el centro
california,inyo,bishop
california,kern,bakersfield-delano
california,kings,hanford-corcoran
california,lake,clearlake
california,lassen,susanville
california,los angeles,los angeles-long beach-anaheim
california,madera,fresno
california,marin,san francisco-oakland-fremont
california,mendocino,ukiah
california,merced,merced
california,monterey,salinas
california,napa,napa
california,nevada,truckee-grass valley
california,orange,los angeles-long beach-anaheim
california,placer,sacramento-roseville-folsom
california,riverside,riverside-san bernardino-ontario
california,sacramento,sacramento-roseville-folsom
california,san benito,san jose-sunnyvale-santa clara
california,san bernardino,riverside-san bernardino-ontario
california,san diego,san diego-chula vista-carlsbad
california,san francisco,san francisco-oakland-fremont
california,san joaquin,stockton-lodi
california,san luis obispo,san luis obispo-paso robles
california,san mateo,san francisco-oakland-fremont
california,santa barbara,santa maria-santa barbara
california,santa clara,san jose-sunnyvale-santa clara
california,santa cruz,santa cruz-watsonville
california,shasta,redding
california,solano,vallejo
california,sonoma,santa rosa-petaluma
california,stanislaus,modesto
california,sutter,yuba city
california,tehama,red bluff
california,tulare,visalia
california,tuolumne,sonora
california,ventura,oxnard-thousand oaks-ventura
california,yolo,sacramento-roseville-folsom
california,yuba,yuba city
colorado,adams,denver-aurora-centennial
colorado,alamosa,alamosa
colorado,arapahoe,denver-aurora-centennial
colorado,boulder,boulder
colorado,broomfield,denver-aurora-centennial
colorado,clear creek,denver-aurora-centennial
colorado,conejos,alamosa
colorado,costilla,alamosa
colorado,denver,denver-aurora-centennial
colorado,douglas,denver-aurora-centennial
colorado,eagle,edwards
colorado,elbert,denver-aurora-centennial
colorado,el paso,colorado springs
colorado,fremont,canon city
colorado,garfield,rifle
colorado,gilpin,denver-aurora-centennial
colorado,jefferson,denver-aurora-centennial
colorado,lake,breckenridge
colorado,la plata,durango
colorado,larimer,fort collins-loveland
colorado,logan,sterling
colorado,mesa,grand junction
colorado,moffat,steamboat springs
colorado,montrose,montrose
colorado,morgan,fort morgan
colorado,park,denver-aurora-centennial
colorado,pitkin,rifle
colorado,pueblo,pueblo
colorado,routt,steamboat springs
colorado,summit,breckenridge
colorado,teller,colorado springs
colorado,weld,greeley
connecticut,capitol,hartford-west hartford-east hartford
connecticut,greater bridgeport,bridgeport-stamford-danbury
connecticut,lower connecticut river valley,hartford-west hartford-east hartford
connecticut,naugatuck valley,waterbury-shelton
connecticut,northeastern connecticut,putnam
connecticut,northwest hills,torrington
connecticut,south central connecticut,new haven
connecticut,southeastern connecticut,norwich-new london-willimantic
connecticut,western connecticut,bridgeport-stamford-danbury
delaware,kent,dover
delaware,new castle,philadelphia-camden-wilmington
delaware,sussex,seaford
,,washington-arlington-alexandria
florida,alachua,gainesville
florida,baker,jacksonville
florida,bay,panama city-panama city beach
florida,brevard,palm bay-melbourne-titusville
florida,broward,miami-fort lauderdale-west palm beach
florida,charlotte,punta gorda
florida,citrus,homosassa springs
florida,clay,jacksonville
florida,collier,naples-marco island
florida,columbia,lake city
florida,desoto,arcadia
florida,duval,jacksonville
florida,escambia,pensacola-ferry pass-brent
florida,flagler,deltona-daytona beach-ormond beach
florida,gadsden,tallahassee
florida,gilchrist,gainesville
florida,glades,clewiston
florida,hendry,clewiston
florida,hernando,tampa-st. petersburg-clearwater
florida,highlands,sebring
florida,hills,tampa-st. petersburg-clearwater
florida,indian river,sebastian-vero beach-west vero corridor
florida,jefferson,tallahassee
florida,lake,orlando-kissimmee-sanford
florida,lee,cape coral-fort myers
florida,leon,tallahassee
florida,levy,gainesville
florida,manatee,north port-bradenton-sarasota
florida,marion,ocala
florida,martin,port st. lucie
florida,miami-dade,miami-fort lauderdale-west palm beach
florida,monroe,key west-key largo
florida,nassau,jacksonville
florida,okaloosa,crestview-fort walton beach-destin
florida,okeechobee,okeechobee
florida,orange,orlando-kissimmee-sanford
florida,osceola,orlando-kissimmee-sanford
florida,palm beach,miami-fort lauderdale-west palm beach
florida,pasco,tampa-st. petersburg-clearwater
florida,pinellas,tampa-st. petersburg-clearwater
florida,polk,lakeland-winter haven
florida,putnam,palatka
florida,st. johns,jacksonville
florida,st. lucie,port st. lucie
florida,santa rosa,pensacola-ferry pass-brent
florida,sarasota,north port-bradenton-sarasota
florida,seminole,orlando-kissimmee-sanford
florida,sumter,wildwood-the villages
florida,volusia,deltona-daytona beach-ormond beach
florida,wakulla,tallahassee
florida,walton,crestview-fort walton beach-destin
florida,washington,panama city-panama city beach
georgia,atkinson,douglas
georgia,baldwin,milledgeville
georgia,barrow,atlanta-sandy springs-roswell
georgia,bartow,atlanta-sandy springs-roswell
georgia,ben hill,fitzgerald
georgia,bibb,macon-bibb county
georgia,brantley,brunswick-st. simons
georgia,brooks,valdosta
georgia,bryan,savannah
georgia,bulloch,statesboro
georgia,burke,augusta-richmond county
georgia,butts,atlanta-sandy springs-roswell
georgia,camden,kingsland
georgia,carroll,atlanta-sandy springs-roswell
georgia,catoosa,chattanooga
georgia,chatham,savannah
georgia,chattahoochee,columbus
georgia,chattooga,summerville
georgia,cherokee,atlanta-sandy springs-roswell
georgia,clarke,athens-clarke county
georgia,clayton,atlanta-sandy springs-roswell
georgia,cobb,atlanta-sandy springs-roswell
georgia,coffee,douglas
georgia,colquitt,moultrie
georgia,columbia,augusta-richmond county
georgia,coweta,atlanta-sandy springs-roswell
georgia,crawford,macon-bibb county
georgia,crisp,cordele
georgia,dade,chattanooga
georgia,dawson,atlanta-sandy springs-roswell
georgia,decatur,bainbridge
georgia,dekalb,atlanta-sandy springs-roswell
georgia,dougherty,albany
georgia,douglas,atlanta-sandy springs-roswell
georgia,echols,valdosta
georgia,effingham,savannah
georgia,evans,statesboro
georgia,fayette,atlanta-sandy springs-roswell
georgia,floyd,rome
georgia,forsyth,atlanta-sandy springs-roswell
georgia,fulton,atlanta-sandy springs-roswell
georgia,glynn,brunswick-st. simons
georgia,gordon,calhoun
georgia,grady,thomasville
georgia,gwinnett,atlanta-sandy springs-roswell
georgia,habersham,cornelia
georgia,hall,gainesville
georgia,haralson,atlanta-sandy springs-roswell
georgia,harris,columbus
georgia,heard,atlanta-sandy springs-roswell
georgia,henry,atlanta-sandy springs-roswell
georgia,houston,warner robins
georgia,jackson,jefferson
georgia,jasper,atlanta-sandy springs-roswell
georgia,johnson,dublin
georgia,jones,macon-bibb county
georgia,lanier,valdosta
georgia,laurens,dublin
georgia,lee,albany
georgia,liberty,hinesville
georgia,lincoln,augusta-richmond county
georgia,long,hinesville
georgia,lowndes,valdosta
georgia,lumpkin,atlanta-sandy springs-roswell
georgia,mcduffie,augusta-richmond county
georgia,mcintosh,brunswick-st. simons
georgia,madison,athens-clarke county
georgia,marion,columbus
georgia,meriwether,atlanta-sandy springs-roswell
georgia,monroe,macon-bibb county
georgia,montgomery,vidalia
georgia,morgan,atlanta-sandy springs-roswell
georgia,murray,dalton
georgia,muscogee,columbus
georgia,newton,atlanta-sandy springs-roswell
georgia,oconee,athens-clarke county
georgia,oglethorpe,athens-clarke county
georgia,paulding,atlanta-sandy springs-roswell
georgia,peach,warner robins
georgia,pickens,atlanta-sandy springs-roswell
georgia,pierce,waycross
georgia,pike,atlanta-sandy springs-roswell
georgia,polk,cedartown
georgia,quitman,eufaula
georgia,richmond,augusta-richmond county
georgia,rockdale,atlanta-sandy springs-roswell
georgia,schley,americus
georgia,spalding,atlanta-sandy springs-roswell
georgia,stephens,toccoa
georgia,stewart,columbus
georgia,sumter,americus
georgia,talbot,columbus
georgia,terrell,albany
georgia,thomas,thomasville
georgia,tift,tifton
georgia,toombs,vidalia
georgia,troup,lagrange
georgia,turner,tifton
georgia,twiggs,macon-bibb county
georgia,upson,thomaston
georgia,walker,chattanooga
georgia,walton,atlanta-sandy springs-roswell
georgia,ware,waycross
georgia,wayne,jesup
georgia,whitfield,dalton
georgia,worth,albany
hawaii,hawaii,hilo-kailua
hawaii,honolulu,urban honolulu
hawaii,kauai,kapaa
hawaii,maui + kalawao,kahului-wailuku
hawaii,maui + kalawao,kahului-wailuku
idaho,ada,boise city
idaho,bannock,pocatello
idaho,bingham,blackfoot
idaho,blaine,hailey
idaho,boise,boise city
idaho,bonner,sandpoint
idaho,bonneville,idaho falls
idaho,butte,idaho falls
idaho,camas,hailey
idaho,canyon,boise city
idaho,cassia,burley
idaho,elmore,mountain home
idaho,franklin,logan
idaho,fremont,rexburg
idaho,gem,boise city
idaho,jefferson,idaho falls
idaho,jerome,twin falls
idaho,kootenai,coeur d'alene
idaho,latah,moscow
idaho,lincoln,hailey
idaho,madison,rexburg
idaho,minidoka,burley
idaho,nez perce,lewiston
idaho,oneida,brigham city
idaho,owyhee,boise city
idaho,payette,ontario
idaho,teton,jackson
idaho,twin falls,twin falls
illinois,adams,quincy
illinois,alexander,cape girardeau
illinois,bond,st. louis
illinois,boone,rockford
illinois,bureau,ottawa
illinois,calhoun,st. louis
illinois,champaign,champaign-urbana
illinois,christian,taylorville
illinois,clinton,st. louis
illinois,coles,charleston-mattoon
illinois,cook,chicago-naperville-elgin
illinois,cumberland,effingham
illinois,dekalb,chicago-naperville-elgin
illinois,dupage,chicago-naperville-elgin
illinois,effingham,effingham
illinois,ford,champaign-urbana
illinois,fulton,canton
illinois,grundy,chicago-naperville-elgin
illinois,henderson,burlington
illinois,henry,davenport-moline-rock island
illinois,jackson,carbondale
illinois,jefferson,mount vernon
illinois,jersey,st. louis
illinois,kane,chicago-naperville-elgin
illinois,kankakee,kankakee
illinois,kendall,chicago-naperville-elgin
illinois,knox,galesburg
illinois,lake,chicago-naperville-elgin
illinois,lasalle,ottawa
illinois,lee,dixon
illinois,livingston,pontiac
illinois,logan,lincoln
illinois,mcdonough,macomb
illinois,mchenry,chicago-naperville-elgin
illinois,mclean,bloomington
illinois,macon,decatur
illinois,macoupin,st. louis
illinois,madison,st. louis
illinois,marion,centralia
illinois,marshall,peoria
illinois,massac,paducah
illinois,menard,springfield
illinois,mercer,davenport-moline-rock island
illinois,monroe,st. louis
illinois,morgan,jacksonville
illinois,ogle,rochelle
illinois,peoria,peoria
illinois,piatt,champaign-urbana
illinois,putnam,ottawa
illinois,rock island,davenport-moline-rock island
illinois,st. clair,st. louis
illinois,sangamon,springfield
illinois,scott,jacksonville
illinois,stark,peoria
illinois,stephenson,freeport
illinois,tazewell,peoria
illinois,vermilion,danville
illinois,whiteside,sterling
illinois,will,chicago-naperville-elgin
illinois,williamson,marion-herrin
illinois,winnebago,rockford
illinois,woodford,peoria
indiana,adams,decatur
indiana,allen,fort wayne
indiana,bartholomew,columbus
indiana,benton,lafayette-west lafayette
indiana,boone,indianapolis-carmel-greenwood
indiana,brown,indianapolis-carmel-greenwood
indiana,carroll,lafayette-west lafayette
indiana,cass,logansport
indiana,clark,louisville-jefferson county
indiana,clay,terre haute
indiana,clinton,frankfort
indiana,daviess,washington
indiana,dearborn,cincinnati
indiana,decatur,greensburg
indiana,dekalb,auburn
indiana,delaware,muncie
indiana,dubois,jasper
indiana,elkhart,elkhart-goshen
indiana,fayette,connersville
indiana,floyd,louisville-jefferson county
indiana,franklin,cincinnati
indiana,grant,marion
indiana,hamilton,indianapolis-carmel-greenwood
indiana,hancock,indianapolis-carmel-greenwood
indiana,harrison,louisville-jefferson county
indiana,hendricks,indianapolis-carmel-greenwood
indiana,henry,new castle
indiana,howard,kokomo
indiana,huntington,huntington
indiana,jackson,seymour
indiana,jasper,chicago-naperville-elgin
indiana,jefferson,madison
indiana,johnson,indianapolis-carmel-greenwood
indiana,knox,vincennes
indiana,kosciusko,warsaw
indiana,lake,chicago-naperville-elgin
indiana,laporte,michigan city-la porte
indiana,lawrence,bedford
indiana,madison,indianapolis-carmel-greenwood
indiana,marion,indianapolis-carmel-greenwood
indiana,marshall,plymouth
indiana,miami,peru
indiana,monroe,bloomington
indiana,montgomery,crawfordsville
indiana,morgan,indianapolis-carmel-greenwood
indiana,newton,chicago-naperville-elgin
indiana,noble,kendallville
indiana,ohio,cincinnati
indiana,owen,bloomington
indiana,porter,chicago-naperville-elgin
indiana,posey,evansville
indiana,putnam,greencastle
indiana,st. joseph,south bend-mishawaka
indiana,shelby,indianapolis-carmel-greenwood
indiana,steuben,angola
indiana,sullivan,terre haute
indiana,tippecanoe,lafayette-west lafayette
indiana,tipton,indianapolis-carmel-greenwood
indiana,vanderburgh,evansville
indiana,vermillion,terre haute
indiana,vigo,terre haute
indiana,wabash,wabash
indiana,warren,lafayette-west lafayette
indiana,warrick,evansville
indiana,washington,louisville-jefferson county
indiana,wayne,richmond
indiana,wells,fort wayne
indiana,white,monticello
indiana,whitley,fort wayne
iowa,benton,cedar rapids
iowa,black hawk,waterloo-cedar falls
iowa,boone,ames
iowa,bremer,waterloo-cedar falls
iowa,buena vista,storm lake
iowa,carroll,carroll
iowa,cerro gordo,mason city
iowa,clay,spencer
iowa,clinton,clinton
iowa,dallas,des moines-west des moines
iowa,des moines,burlington
iowa,dickinson,spirit lake
iowa,dubuque,dubuque
iowa,grundy,waterloo-cedar falls
iowa,guthrie,des moines-west des moines
iowa,harrison,omaha
iowa,jasper,des moines-west des moines
iowa,johnson,iowa city
iowa,jones,cedar rapids
iowa,lee,fort madison
iowa,linn,cedar rapids
iowa,madison,des moines-west des moines
iowa,mahaska,oskaloosa
iowa,marion,pella
iowa,marshall,marshalltown
iowa,mills,omaha
iowa,muscatine,muscatine
iowa,plymouth,le mars
iowa,polk,des moines-west des moines
iowa,pottawattamie,omaha
iowa,scott,davenport-moline-rock island
iowa,story,ames
iowa,wapello,ottumwa
iowa,warren,des moines-west des moines
iowa,washington,iowa city
iowa,webster,fort dodge
iowa,woodbury,sioux city
iowa,worth,mason city
kansas,atchison,atchison
kansas,barton,great bend
kansas,butler,wichita
kansas,chase,emporia
kansas,cherokee,joplin
kansas,cowley,arkansas city-winfield
kansas,crawford,pittsburg
kansas,doniphan,st. joseph
kansas,douglas,lawrence
kansas,ellis,hays
kansas,finney,garden city
kansas,ford,dodge city
kansas,franklin,ottawa
kansas,geary,manhattan
kansas,harvey,wichita
kansas,jackson,topeka
kansas,jefferson,topeka
kansas,johnson,kansas city
kansas,leavenworth,kansas city
kansas,linn,kansas city
kansas,lyon,emporia
kansas,mcpherson,mcpherson
kansas,miami,kansas city
kansas,osage,topeka
kansas,ottawa,salina
kansas,pottawatomie,manhattan
kansas,reno,hutchinson
kansas,riley,manhattan
kansas,saline,salina
kansas,sedgwick,wichita
kansas,seward,liberal
kansas,shawnee,topeka
kansas,sumner,wichita
kansas,wabaunsee,topeka
kansas,wyandotte,kansas city
kentucky,allen,bowling green
kentucky,anderson,frankfort
kentucky,ballard,paducah
kentucky,barren,glasgow
kentucky,bath,mount sterling
kentucky,bell,middlesborough
kentucky,boone,cincinnati
kentucky,bourbon,lexington-fayette
kentucky,boyd,huntington-ashland
kentucky,boyle,danville
kentucky,bracken,cincinnati
kentucky,bullitt,louisville-jefferson county
kentucky,butler,bowling green
kentucky,calloway,murray
kentucky,campbell,cincinnati
kentucky,carlisle,paducah
kentucky,carter,huntington-ashland
kentucky,christian,clarksville
kentucky,clark,lexington-fayette
kentucky,clay,corbin
kentucky,daviess,owensboro
kentucky,edmonson,bowling green
kentucky,estill,richmond-berea
kentucky,fayette,lexington-fayette
kentucky,floyd,pikeville
kentucky,franklin,frankfort
kentucky,gallatin,cincinnati
kentucky,grant,cincinnati
kentucky,graves,mayfield
kentucky,green,campbellsville
kentucky,greenup,huntington-ashland
kentucky,hardin,elizabethtown
kentucky,henderson,henderson
kentucky,henry,louisville-jefferson county
kentucky,hopkins,madisonville
kentucky,jefferson,louisville-jefferson county
kentucky,jessamine,lexington-fayette
kentucky,kenton,cincinnati
kentucky,knox,corbin
kentucky,larue,elizabethtown
kentucky,laurel,corbin
kentucky,lawrence,huntington-ashland
kentucky,lincoln,danville
kentucky,livingston,paducah
kentucky,mccracken,paducah
kentucky,mclean,owensboro
kentucky,madison,richmond-berea
kentucky,meade,louisville-jefferson county
kentucky,menifee,mount sterling
kentucky,metcalfe,glasgow
kentucky,montgomery,mount sterling
kentucky,nelson,louisville-jefferson county
kentucky,oldham,louisville-jefferson county
kentucky,pendleton,cincinnati
kentucky,pike,pikeville
kentucky,pulaski,somerset
kentucky,rockcastle,richmond-berea
kentucky,scott,lexington-fayette
kentucky,shelby,louisville-jefferson county
kentucky,simpson,franklin
kentucky,spencer,louisville-jefferson county
kentucky,taylor,campbellsville
kentucky,trigg,clarksville
kentucky,warren,bowling green
kentucky,webster,henderson
kentucky,whitley,corbin
kentucky,woodford,lexington-fayette
louisiana,acadia parish,lafayette
louisiana,ascension parish,baton rouge
louisiana,assumption parish,baton rouge
louisiana,beauregard parish,deridder
louisiana,bossier parish,shreveport-bossier city
louisiana,caddo parish,shreveport-bossier city
louisiana,calcasieu parish,lake charles
louisiana,cameron parish,lake charles
louisiana,concordia parish,natchez
louisiana,de soto parish,shreveport-bossier city
louisiana,east baton rouge parish,baton rouge
louisiana,east feliciana parish,baton rouge
louisiana,grant parish,alexandria
louisiana,iberia parish,new iberia
louisiana,iberville parish,baton rouge
louisiana,jefferson parish,new orleans-metairie
louisiana,jefferson davis parish,lake charles
louisiana,lafayette parish,lafayette
louisiana,lafourche parish,houma-bayou cane-thibodaux
louisiana,lincoln parish,ruston
louisiana,livingston parish,baton rouge
louisiana,morehouse parish,monroe
louisiana,natchitoches parish,natchitoches
louisiana,orleans parish,new orleans-metairie
louisiana,ouachita parish,monroe
louisiana,plaquemines parish,new orleans-metairie
louisiana,pointe coupee parish,baton rouge
louisiana,rapides parish,alexandria
louisiana,richland parish,monroe
louisiana,st. bernard parish,new orleans-metairie
louisiana,st. charles parish,new orleans-metairie
louisiana,st. helena parish,baton rouge
louisiana,st. james parish,new orleans-metairie
louisiana,st. john the baptist parish,new orleans-metairie
louisiana,st. landry parish,opelousas
louisiana,st. martin parish,lafayette
louisiana,st. mary parish,morgan city
louisiana,st. tammany parish,slidell-mandeville-covington
louisiana,tangipahoa parish,hammond
louisiana,terrebonne parish,houma-bayou cane-thibodaux
louisiana,union parish,monroe
louisiana,vermilion parish,lafayette
louisiana,washington parish,bogalusa
louisiana,webster parish,minden
louisiana,west baton rouge parish,baton rouge
louisiana,west feliciana parish,baton rouge
maine,androscoggin,lewiston-auburn
maine,cumberland,portland-south portland
maine,kennebec,augusta-waterville
maine,penobscot,bangor
maine,sagadahoc,portland-south portland
maine,york,portland-south portland
maryland,allegany,cumberland
maryland,anne arundel,baltimore-columbia-towson
maryland,baltimore,baltimore-columbia-towson
maryland,calvert,lexington park
maryland,carroll,baltimore-columbia-towson
maryland,cecil,philadelphia-camden-wilmington
maryland,charles,washington-arlington-alexandria
maryland,dorchester,cambridge
maryland,frederick,washington-arlington-alexandria
maryland,harford,baltimore-columbia-towson
maryland,howard,baltimore-columbia-towson
maryland,montgomery,washington-arlington-alexandria
maryland,prince george's,washington-arlington-alexandria
maryland,queen anne's,baltimore-columbia-towson
maryland,st. mary's,lexington park
maryland,somerset,salisbury
maryland,talbot,easton
maryland,washington,hagerstown-martinsburg
maryland,wicomico,salisbury
maryland,worcester,ocean pines
maryland,baltimore city,baltimore-columbia-towson
massachusetts,barnstable,barnstable town
massachusetts,berkshire,pittsfield
massachusetts,bristol,providence-warwick
massachusetts,dukes,vineyard haven
massachusetts,essex,boston-cambridge-newton
massachusetts,franklin,greenfield
massachusetts,hampden,springfield
massachusetts,hampshire,amherst town-northampton
massachusetts,middlesex,boston-cambridge-newton
massachusetts,nantucket,nantucket
massachusetts,norfolk,boston-cambridge-newton
massachusetts,plymouth,boston-cambridge-newton
massachusetts,suffolk,boston-cambridge-newton
massachusetts,worcester,worcester
michigan,allegan,holland
michigan,alpena,alpena
michigan,barry,grand rapids-wyoming-kentwood
michigan,bay,bay city
michigan,benzie,traverse city
michigan,berrien,niles
michigan,branch,coldwater
michigan,calhoun,battle creek
michigan,cass,south bend-mishawaka
michigan,chippewa,sault ste. marie
michigan,clinton,lansing-east lansing
michigan,delta,escanaba
michigan,dickinson,iron mountain
michigan,eaton,lansing-east lansing
michigan,emmet,petoskey
michigan,genesee,flint
michigan,grand traverse,traverse city
michigan,gratiot,alma
michigan,hillsdale,hillsdale
michigan,houghton,houghton
michigan,ingham,lansing-east lansing
michigan,ionia,grand rapids-wyoming-kentwood
michigan,isabella,mount pleasant
michigan,jackson,jackson
michigan,kalamazoo,kalamazoo-portage
michigan,kalkaska,traverse city
michigan,kent,grand rapids-wyoming-kentwood
michigan,keweenaw,houghton
michigan,lapeer,detroit-warren-dearborn
michigan,leelanau,traverse city
michigan,lenawee,adrian
michigan,livingston,detroit-warren-dearborn
michigan,macomb,detroit-warren-dearborn
michigan,marquette,marquette
michigan,mason,ludington
michigan,mecosta,big rapids
michigan,menominee,marinette
michigan,midland,midland
michigan,missaukee,cadillac
michigan,monroe,monroe
michigan,montcalm,grand rapids-wyoming-kentwood
michigan,muskegon,muskegon-norton shores
michigan,oakland,detroit-warren-dearborn
michigan,ottawa,grand rapids-wyoming-kentwood
michigan,saginaw,saginaw
michigan,st. clair,detroit-warren-dearborn
michigan,st. joseph,sturgis
michigan,shiawassee,owosso
michigan,washtenaw,ann arbor
michigan,wayne,detroit-warren-dearborn
michigan,wexford,cadillac
minnesota,anoka,minneapolis-st. paul-bloomington
minnesota,becker,detroit lakes
minnesota,beltrami,bemidji
minnesota,benton,st. cloud
minnesota,blue earth,mankato
minnesota,brown,new ulm
minnesota,carlton,duluth
minnesota,carver,minneapolis-st. paul-bloomington
minnesota,cass,brainerd
minnesota,chisago,minneapolis-st. paul-bloomington
minnesota,clay,fargo
minnesota,crow wing,brainerd
minnesota,dakota,minneapolis-st. paul-bloomington
minnesota,dodge,rochester
minnesota,douglas,alexandria
minnesota,fillmore,rochester
minnesota,freeborn,albert lea
minnesota,goodhue,red wing
minnesota,hennepin,minneapolis-st. paul-bloomington
minnesota,houston,la crosse-onalaska
minnesota,isanti,minneapolis-st. paul-bloomington
minnesota,itasca,grand rapids
minnesota,kandiyohi,willmar
minnesota,le sueur,minneapolis-st. paul-bloomington
minnesota,lyon,marshall
minnesota,mcleod,hutchinson
minnesota,martin,fairmont
minnesota,mille lacs,minneapolis-st. paul-bloomington
minnesota,mower,austin
minnesota,nicollet,mankato
minnesota,nobles,worthington
minnesota,olmsted,rochester
minnesota,otter tail,fergus falls
minnesota,polk,grand forks
minnesota,ramsey,minneapolis-st. paul-bloomington
minnesota,rice,faribault-northfield
minnesota,rock,sioux falls
minnesota,st. louis,duluth
minnesota,scott,minneapolis-st. paul-bloomington
minnesota,sherburne,minneapolis-st. paul-bloomington
minnesota,stearns,st. cloud
minnesota,steele,owatonna
minnesota,wabasha,rochester
minnesota,washington,minneapolis-st. paul-bloomington
minnesota,wilkin,wahpeton
minnesota,winona,winona
minnesota,wright,minneapolis-st. paul-bloomington
mississippi,adams,natchez
mississippi,alcorn,corinth
mississippi,benton,memphis
mississippi,bolivar,cleveland
mississippi,carroll,greenwood
mississippi,clarke,meridian
mississippi,coahoma,clarksdale
mississippi,copiah,jackson
mississippi,desoto,memphis
mississippi,forrest,hattiesburg
mississippi,grenada,grenada
mississippi,hancock,gulfport-biloxi
mississippi,harrison,gulfport-biloxi
mississippi,hinds,jackson
mississippi,holmes,jackson
mississippi,itawamba,tupelo
mississippi,jackson,gulfport-biloxi
mississippi,jasper,laurel
mississippi,jefferson,natchez
mississippi,jones,laurel
mississippi,lafayette,oxford
mississippi,lamar,hattiesburg
mississippi,lauderdale,meridian
mississippi,lee,tupelo
mississippi,leflore,greenwood
mississippi,lincoln,brookhaven
mississippi,lowndes,columbus
mississippi,madison,jackson
mississippi,marshall,memphis
mississippi,montgomery,grenada
mississippi,noxubee,columbus
mississippi,oktibbeha,starkville
mississippi,pearl river,picayune
mississippi,perry,hattiesburg
mississippi,pike,mccomb
mississippi,prentiss,tupelo
mississippi,rankin,jackson
mississippi,scott,jackson
mississippi,simpson,jackson
mississippi,stone,gulfport-biloxi
mississippi,tate,memphis
mississippi,tunica,memphis
mississippi,walthall,mccomb
mississippi,warren,vicksburg
mississippi,washington,greenville
mississippi,webster,starkville
mississippi,yalobusha,oxford
mississippi,yazoo,jackson
missouri,adair,kirksville
missouri,andrew,st. joseph
missouri,audrain,mexico
missouri,bates,kansas city
missouri,bollinger,cape girardeau
missouri,boone,columbia
missouri,buchanan,st. joseph
missouri,butler,poplar bluff
missouri,caldwell,kansas city
missouri,callaway,jefferson city
missouri,cape girardeau,cape girardeau
missouri,cass,kansas city
missouri,christian,springfield
missouri,clay,kansas city
missouri,clinton,kansas city
missouri,cole,jefferson city
missouri,cooper,columbia
missouri,dallas,springfield
missouri,dekalb,st. joseph
missouri,dunklin,kennett
missouri,franklin,st. louis
missouri,greene,springfield
missouri,howard,columbia
missouri,howell,west plains
missouri,jackson,kansas city
missouri,jasper,joplin
missouri,jefferson,st. louis
missouri,johnson,warrensburg
missouri,laclede,lebanon
missouri,lafayette,kansas city
missouri,lewis,quincy
missouri,lincoln,st. louis
missouri,marion,hannibal
missouri,mississippi,sikeston
missouri,moniteau,jefferson city
missouri,newton,joplin
missouri,nodaway,maryville
missouri,osage,jefferson city
missouri,pettis,sedalia
missouri,phelps,rolla
missouri,platte,kansas city
missouri,polk,springfield
missouri,pulaski,fort leonard wood
missouri,ralls,hannibal
missouri,randolph,moberly
missouri,ray,kansas city
missouri,st. charles,st. louis
missouri,st. francois,farmington
missouri,st. louis,st. louis
missouri,saline,marshall
missouri,schuyler,kirksville
missouri,scott,sikeston
missouri,taney,branson
missouri,warren,st. louis
missouri,webster,springfield
missouri,st. louis city,st. louis
montana,broadwater,helena
montana,carbon,billings
montana,cascade,great falls
montana,flathead,kalispell
montana,gallatin,bozeman
montana,jefferson,helena
montana,lewis and clark,helena
montana,mineral,missoula
montana,missoula,missoula
montana,silver bow,butte-silver bow
montana,stillwater,billings
montana,yellowstone,billings
nebraska,adams,hastings
nebraska,banner,scottsbluff
nebraska,buffalo,kearney
nebraska,cass,omaha
nebraska,clay,hastings
nebraska,colfax,columbus
nebraska,dakota,sioux city
nebraska,dawson,lexington
nebraska,dodge,fremont
nebraska,douglas,omaha
nebraska,gage,beatrice
nebraska,gosper,lexington
nebraska,hall,grand island
nebraska,howard,grand island
nebraska,kearney,kearney
nebraska,lancaster,lincoln
nebraska,lincoln,north platte
nebraska,logan,north platte
nebraska,madison,norfolk
nebraska,merrick,grand island
nebraska,pierce,norfolk
nebraska,platte,columbus
nebraska,sarpy,omaha
nebraska,saunders,omaha
nebraska,scotts bluff,scottsbluff
nebraska,seward,lincoln
nebraska,stanton,norfolk
nebraska,washington,omaha
nebraska,webster,hastings
nevada,churchill,fallon
nevada,clark,las vegas-henderson-north las vegas
nevada,douglas,gardnerville ranchos
nevada,elko,elko
nevada,eureka,elko
nevada,humboldt,winnemucca
nevada,lyon,reno
nevada,nye,pahrump
nevada,storey,reno
nevada,washoe,reno
nevada,carson city,carson city
new hampshire,belknap,laconia
new hampshire,cheshire,keene
new hampshire,grafton,lebanon-claremont
new hampshire,hills,manchester-nashua
new hampshire,merrimack,concord
new hampshire,rockingham,boston-cambridge-newton
new hampshire,strafford,boston-cambridge-newton
new hampshire,sullivan,lebanon-claremont
new jersey,atlantic,atlantic city-hammonton
new jersey,bergen,new york-newark-jersey city
new jersey,burlington,philadelphia-camden-wilmington
new jersey,camden,philadelphia-camden-wilmington
new jersey,cape may,atlantic city-hammonton
new jersey,cumberland,vineland
new jersey,essex,new york-newark-jersey city
new jersey,gloucester,philadelphia-camden-wilmington
new jersey,hudson,new york-newark-jersey city
new jersey,hunterdon,new york-newark-jersey city
new jersey,mercer,trenton-princeton
new jersey,middlesex,new york-newark-jersey city
new jersey,monmouth,new york-newark-jersey city
new jersey,morris,new york-newark-jersey city
new jersey,ocean,new york-newark-jersey city
new jersey,passaic,new york-newark-jersey city
new jersey,salem,philadelphia-camden-wilmington
new jersey,somerset,new york-newark-jersey city
new jersey,sussex,new york-newark-jersey city
new jersey,union,new york-newark-jersey city
new jersey,warren,allentown-bethlehem-easton
new mexico,bernalillo,albuquerque
new mexico,chaves,roswell
new mexico,curry,clovis
new mexico,dona ana,las cruces
new mexico,eddy,carlsbad-artesia
new mexico,grant,silver city
new mexico,lea,hobbs
new mexico,lincoln,ruidoso
new mexico,los alamos,los alamos
new mexico,luna,deming
new mexico,mckinley,gallup
new mexico,mora,las vegas
new mexico,otero,alamogordo
new mexico,rio arriba,espanola
new mexico,roosevelt,clovis
new mexico,sandoval,albuquerque
new mexico,san juan,farmington
new mexico,san miguel,las vegas
new mexico,santa fe,santa fe
new mexico,taos,taos
new mexico,torrance,albuquerque
new mexico,valencia,albuquerque
new york,albany,albany-schenectady-troy
new york,bronx,new york-newark-jersey city
new york,broome,binghamton
new york,cattaraugus,olean
new york,cayuga,auburn
new york,chautauqua,jamestown-dunkirk
new york,chemung,elmira
new york,clinton,plattsburgh
new york,columbia,hudson
new york,cortland,cortland
new york,dutchess,kiryas joel-poughkeepsie-newburgh
new york,erie,buffalo-cheektowaga
new york,fulton,gloversville
new york,genesee,batavia
new york,herkimer,utica-rome
new york,jefferson,watertown-fort drum
new york,kings,new york-newark-jersey city
new york,livingston,rochester
new york,madison,syracuse
new york,monroe,rochester
new york,montgomery,amsterdam
new york,nassau,new york-newark-jersey city
new york,new york,new york-newark-jersey city
new york,niagara,buffalo-cheektowaga
new york,oneida,utica-rome
new york,onondaga,syracuse
new york,ontario,rochester
new york,orange,kiryas joel-poughkeepsie-newburgh
new york,orleans,rochester
new york,oswego,syracuse
new york,otsego,oneonta
new york,putnam,new york-newark-jersey city
new york,queens,new york-newark-jersey city
new york,rensselaer,albany-schenectady-troy
new york,richmond,new york-newark-jersey city
new york,rockland,new york-newark-jersey city
new york,st. lawrence,massena-ogdensburg
new york,saratoga,albany-schenectady-troy
new york,schenectady,albany-schenectady-troy
new york,schoharie,albany-schenectady-troy
new york,seneca,seneca falls
new york,steuben,corning
new york,suffolk,new york-newark-jersey city
new york,sullivan,monticello
new york,tioga,binghamton
new york,tompkins,ithaca
new york,ulster,kingston
new york,warren,glens falls
new york,washington,glens falls
new york,wayne,rochester
new york,westchester,new york-newark-jersey city
north carolina,alamance,burlington
north carolina,alexander,hickory-lenoir-morganton
north carolina,anson,charlotte-concord-gastonia
north carolina,beaufort,washington
north carolina,brunswick,wilmington
north carolina,buncombe,asheville
north carolina,burke,hickory-lenoir-morganton
north carolina,cabarrus,charlotte-concord-gastonia
north carolina,caldwell,hickory-lenoir-morganton
north carolina,camden,virginia beach-chesapeake-norfolk
north carolina,carteret,morehead city
north carolina,catawba,hickory-lenoir-morganton
north carolina,chatham,durham-chapel hill
north carolina,cleveland,shelby-kings mountain
north carolina,craven,new bern
north carolina,cumberland,fayetteville
north carolina,currituck,virginia beach-chesapeake-norfolk
north carolina,dare,kill devil hills
north carolina,davidson,winston-salem
north carolina,davie,winston-salem
north carolina,durham,durham-chapel hill
north carolina,edgecombe,rocky mount
north carolina,forsyth,winston-salem
north carolina,franklin,raleigh-cary
north carolina,gaston,charlotte-concord-gastonia
north carolina,gates,virginia beach-chesapeake-norfolk
north carolina,guilford,greensboro-high point
north carolina,halifax,roanoke rapids
north carolina,harnett,anderson creek
north carolina,haywood,waynesville
north carolina,henderson,asheville
north carolina,hoke,fayetteville
north carolina,iredell,charlotte-concord-gastonia
north carolina,johnston,raleigh-cary
north carolina,jones,new bern
north carolina,lee,sanford
north carolina,lenoir,kinston
north carolina,lincoln,charlotte-concord-gastonia
north carolina,mcdowell,marion
north carolina,madison,asheville
north carolina,mecklenburg,charlotte-concord-gastonia
north carolina,moore,pinehurst-southern pines
north carolina,nash,rocky mount
north carolina,new hanover,wilmington
north carolina,northampton,roanoke rapids
north carolina,onslow,jacksonville
north carolina,orange,durham-chapel hill
north carolina,pamlico,new bern
north carolina,pasquotank,elizabeth city
north carolina,pender,wilmington
north carolina,person,durham-chapel hill
north carolina,pitt,greenville
north carolina,randolph,greensboro-high point
north carolina,richmond,rockingham
north carolina,robeson,lumberton
north carolina,rockingham,greensboro-high point
north carolina,rowan,charlotte-concord-gastonia
north carolina,rutherford,forest city
north carolina,scotland,laurinburg
north carolina,stanly,albemarle
north carolina,stokes,winston-salem
north carolina,surry,mount airy
north carolina,transylvania,brevard
north carolina,union,charlotte-concord-gastonia
north carolina,vance,henderson
north carolina,wake,raleigh-cary
north carolina,watauga,boone
north carolina,wayne,goldsboro
north carolina,wilkes,north wilkesboro
north carolina,wilson,wilson
north carolina,yadkin,winston-salem
north dakota,billings,dickinson
north dakota,burleigh,bismarck
north dakota,cass,fargo
north dakota,dunn,dickinson
north dakota,grand forks,grand forks
north dakota,mchenry,minot
north dakota,morton,bismarck
north dakota,oliver,bismarck
north dakota,renville,minot
north dakota,richland,wahpeton
north dakota,stark,dickinson
north dakota,stutsman,jamestown
north dakota,ward,minot
north dakota,williams,williston
ohio,allen,lima
ohio,ashland,ashland
ohio,ashtabula,cleveland
ohio,athens,athens
ohio,auglaize,wapakoneta
ohio,belmont,wheeling
ohio,brown,cincinnati
ohio,butler,cincinnati
ohio,carroll,canton-massillon
ohio,champaign,urbana
ohio,clark,springfield
ohio,clermont,cincinnati
ohio,clinton,wilmington
ohio,columbiana,salem
ohio,coshocton,coshocton
ohio,crawford,bucyrus
ohio,cuyahoga,cleveland
ohio,darke,greenville
ohio,defiance,defiance
ohio,delaware,columbus
ohio,erie,sandusky
ohio,fairfield,columbus
ohio,fayette,washington court house
ohio,franklin,columbus
ohio,fulton,toledo
ohio,gallia,gallipolis
ohio,geauga,cleveland
ohio,greene,dayton-kettering-beavercreek
ohio,guernsey,cambridge
ohio,hamilton,cincinnati
ohio,hancock,findlay
ohio,hocking,columbus
ohio,huron,norwalk
ohio,jefferson,weirton-steubenville
ohio,knox,mount vernon
ohio,lake,cleveland
ohio,lawrence,huntington-ashland
ohio,licking,columbus
ohio,logan,bellefontaine
ohio,lorain,cleveland
ohio,lucas,toledo
ohio,madison,columbus
ohio,mahoning,youngstown-warren
ohio,marion,marion
ohio,medina,cleveland
ohio,mercer,celina
ohio,miami,dayton-kettering-beavercreek
ohio,montgomery,dayton-kettering-beavercreek
ohio,morrow,columbus
ohio,muskingum,zanesville
ohio,ottawa,sandusky
ohio,perry,columbus
ohio,pickaway,columbus
ohio,portage,akron
ohio,richland,mansfield
ohio,ross,chillicothe
ohio,sandusky,fremont
ohio,scioto,portsmouth
ohio,seneca,tiffin
ohio,shelby,sidney
ohio,stark,canton-massillon
ohio,summit,akron
ohio,trumbull,youngstown-warren
ohio,tuscarawas,new philadelphia-dover
ohio,union,columbus
ohio,van wert,van wert
ohio,warren,cincinnati
ohio,washington,marietta
ohio,wayne,wooster
ohio,wood,toledo
oklahoma,beckham,elk city
oklahoma,bryan,durant
oklahoma,canadian,oklahoma city
oklahoma,carter,ardmore
oklahoma,cherokee,tahlequah
oklahoma,cleveland,oklahoma city
oklahoma,comanche,lawton
oklahoma,cotton,lawton
oklahoma,creek,tulsa
oklahoma,custer,weatherford
oklahoma,garfield,enid
oklahoma,grady,oklahoma city
oklahoma,jackson,altus
oklahoma,kay,ponca city
oklahoma,lincoln,oklahoma city
oklahoma,logan,oklahoma city
oklahoma,mcclain,oklahoma city
oklahoma,muskogee,muskogee
oklahoma,oklahoma,oklahoma city
oklahoma,okmulgee,tulsa
oklahoma,osage,tulsa
oklahoma,ottawa,miami
oklahoma,pawnee,tulsa
oklahoma,payne,stillwater
oklahoma,pittsburg,mcalester
oklahoma,pontotoc,ada
oklahoma,pottawatomie,shawnee
oklahoma,rogers,tulsa
oklahoma,sequoyah,fort smith
oklahoma,stephens,duncan
oklahoma,texas,guymon
oklahoma,tulsa,tulsa
oklahoma,wagoner,tulsa
oklahoma,washington,bartlesville
oklahoma,washita,weatherford
oklahoma,woodward,woodward
oregon,baker,baker city
oregon,benton,corvallis
oregon,clackamas,portland-vancouver-hillsboro
oregon,clatsop,astoria
oregon,columbia,portland-vancouver-hillsboro
oregon,coos,coos bay-north bend
oregon,crook,bend
oregon,curry,brookings
oregon,deschutes,bend
oregon,douglas,roseburg
oregon,hood river,hood river
oregon,jackson,medford
oregon,jefferson,bend
oregon,josephine,grants pass
oregon,klamath,klamath falls
oregon,lane,eugene-springfield
oregon,lincoln,newport
oregon,linn,albany
oregon,malheur,ontario
oregon,marion,salem
oregon,morrow,hermiston-pendleton
oregon,multnomah,portland-vancouver-hillsboro
oregon,polk,salem
oregon,umatilla,hermiston-pendleton
oregon,union,la grande
oregon,wasco,the dalles
oregon,washington,portland-vancouver-hillsboro
oregon,yamhill,portland-vancouver-hillsboro
pennsylvania,adams,gettysburg
pennsylvania,allegheny,pittsburgh
pennsylvania,armstrong,pittsburgh
pennsylvania,beaver,pittsburgh
pennsylvania,berks,reading
pennsylvania,blair,altoona
pennsylvania,bradford,sayre
pennsylvania,bucks,philadelphia-camden-wilmington
pennsylvania,butler,pittsburgh
pennsylvania,cambria,johnstown
pennsylvania,carbon,allentown-bethlehem-easton
pennsylvania,centre,state college
pennsylvania,chester,philadelphia-camden-wilmington
pennsylvania,clearfield,dubois
pennsylvania,clinton,lock haven
pennsylvania,columbia,bloomsburg-berwick
pennsylvania,crawford,meadville
pennsylvania,cumberland,harrisburg-carlisle
pennsylvania,dauphin,harrisburg-carlisle
pennsylvania,delaware,philadelphia-camden-wilmington
pennsylvania,elk,st. marys
pennsylvania,erie,erie
pennsylvania,fayette,pittsburgh
pennsylvania,franklin,chambersburg
pennsylvania,huntingdon,huntingdon
pennsylvania,indiana,indiana
pennsylvania,lackawanna,scranton--wilkes-barre
pennsylvania,lancaster,lancaster
pennsylvania,lawrence,pittsburgh
pennsylvania,lebanon,lebanon
pennsylvania,lehigh,allentown-bethlehem-easton
pennsylvania,luzerne,scranton--wilkes-barre
pennsylvania,lycoming,williamsport
pennsylvania,mckean,bradford
pennsylvania,mercer,hermitage
pennsylvania,mifflin,lewistown
pennsylvania,monroe,east stroudsburg
pennsylvania,montgomery,philadelphia-camden-wilmington
pennsylvania,montour,sunbury
pennsylvania,northampton,allentown-bethlehem-easton
pennsylvania,northumberland,sunbury
pennsylvania,perry,harrisburg-carlisle
pennsylvania,philadelphia,philadelphia-camden-wilmington
pennsylvania,pike,hemlock farms
pennsylvania,schuylkill,pottsville
pennsylvania,snyder,selinsgrove
pennsylvania,somerset,somerset
pennsylvania,union,lewisburg
pennsylvania,venango,oil city
pennsylvania,warren,warren
pennsylvania,washington,pittsburgh
pennsylvania,westmoreland,pittsburgh
pennsylvania,wyoming,scranton--wilkes-barre
pennsylvania,york,york-hanover
rhode island,bristol,providence-warwick
rhode island,kent,providence-warwick
rhode island,newport,providence-warwick
rhode island,providence,providence-warwick
rhode island,washington,providence-warwick
south carolina,abbeville,greenwood
south carolina,aiken,augusta-richmond county
south carolina,anderson,greenville-anderson-greer
south carolina,beaufort,hilton head island-bluffton-port royal
south carolina,berkeley,charleston-north charleston
south carolina,calhoun,columbia
south carolina,charleston,charleston-north charleston
south carolina,cherokee,gaffney
south carolina,chester,charlotte-concord-gastonia
south carolina,darlington,florence
south carolina,dorchester,charleston-north charleston
south carolina,edgefield,augusta-richmond county
south carolina,fairfield,columbia
south carolina,florence,florence
south carolina,georgetown,murrells inlet
south carolina,greenville,greenville-anderson-greer
south carolina,greenwood,greenwood
south carolina,horry,myrtle beach-conway-north myrtle beach
south carolina,jasper,hilton head island-bluffton-port royal
south carolina,kershaw,columbia
south carolina,lancaster,charlotte-concord-gastonia
south carolina,laurens,greenville-anderson-greer
south carolina,lexington,columbia
south carolina,newberry,newberry
south carolina,oconee,seneca
south carolina,orangeburg,orangeburg
south carolina,pickens,greenville-anderson-greer
south carolina,richland,columbia
south carolina,saluda,columbia
south carolina,spartanburg,spartanburg
south carolina,sumter,sumter
south carolina,union,spartanburg
south carolina,york,charlotte-concord-gastonia
south dakota,beadle,huron
south dakota,brookings,brookings
south dakota,brown,aberdeen
south dakota,clay,vermillion
south dakota,codington,watertown
south dakota,custer,rapid city
south dakota,davison,mitchell
south dakota,edmunds,aberdeen
south dakota,hanson,mitchell
south dakota,hughes,pierre
south dakota,lawrence,spearfish
south dakota,lincoln,sioux falls
south dakota,mccook,sioux falls
south dakota,meade,rapid city
south dakota,minnehaha,sioux falls
south dakota,pennington,rapid city
south dakota,sanborn,mitchell
south dakota,stanley,pierre
south dakota,turner,sioux falls
south dakota,union,sioux city
south dakota,yankton,yankton
tennessee,anderson,knoxville
tennessee,bedford,shelbyville
tennessee,blount,knoxville
tennessee,bradley,cleveland
tennessee,campbell,knoxville
tennessee,cannon,nashville-davidson--murfreesboro--franklin
tennessee,carter,johnson city
tennessee,cheatham,nashville-davidson--murfreesboro--franklin
tennessee,chester,jackson
tennessee,cocke,newport
tennessee,coffee,tullahoma-manchester
tennessee,crockett,jackson
tennessee,cumberland,crossville
tennessee,davidson,nashville-davidson--murfreesboro--franklin
tennessee,dickson,nashville-davidson--murfreesboro--franklin
tennessee,dyer,dyersburg
tennessee,fayette,memphis
tennessee,franklin,winchester
tennessee,gibson,jackson
tennessee,grainger,knoxville
tennessee,greene,greeneville
tennessee,hamblen,morristown
tennessee,hamilton,chattanooga
tennessee,hawkins,kingsport-bristol
tennessee,henry,paris
tennessee,hickman,nashville-davidson--murfreesboro--franklin
tennessee,jackson,cookeville
tennessee,jefferson,morristown
tennessee,knox,knoxville
tennessee,lawrence,lawrenceburg
tennessee,lincoln,fayetteville
tennessee,loudon,knoxville
tennessee,mcminn,athens
tennessee,macon,nashville-davidson--murfreesboro--franklin
tennessee,madison,jackson
tennessee,marion,chattanooga
tennessee,marshall,lewisburg
tennessee,maury,nashville-davidson--murfreesboro--franklin
tennessee,meigs,athens
tennessee,montgomery,clarksville
tennessee,moore,tullahoma-manchester
tennessee,morgan,knoxville
tennessee,obion,union city
tennessee,overton,cookeville
tennessee,polk,cleveland
tennessee,putnam,cookeville
tennessee,roane,knoxville
tennessee,robertson,nashville-davidson--murfreesboro--franklin
tennessee,rutherford,nashville-davidson--murfreesboro--franklin
tennessee,sequatchie,chattanooga
tennessee,sevier,sevierville
tennessee,shelby,memphis
tennessee,smith,nashville-davidson--murfreesboro--franklin
tennessee,stewart,clarksville
tennessee,sullivan,kingsport-bristol
tennessee,sumner,nashville-davidson--murfreesboro--franklin
tennessee,tipton,memphis
tennessee,trousdale,nashville-davidson--murfreesboro--franklin
tennessee,unicoi,johnson city
tennessee,union,knoxville
tennessee,warren,mcminnville
tennessee,washington,johnson city
tennessee,weakley,martin
tennessee,white,cookeville
tennessee,williamson,nashville-davidson--murfreesboro--franklin
tennessee,wilson,nashville-davidson--murfreesboro--franklin
texas,anderson,palestine
texas,andrews,andrews
texas,angelina,lufkin
texas,aransas,corpus christi
texas,archer,wichita falls
texas,armstrong,amarillo
texas,atascosa,san antonio-new braunfels
texas,austin,houston-pasadena-the woodlands
texas,bandera,san antonio-new braunfels
texas,bastrop,austin-round rock-san marcos
texas,bee,beeville
texas,bell,killeen-temple
texas,bexar,san antonio-new braunfels
texas,bosque,waco
texas,bowie,texarkana
texas,brazoria,houston-pasadena-the woodlands
texas,brazos,college station-bryan
texas,brooks,alice
texas,brown,brownwood
texas,burleson,college station-bryan
texas,caldwell,austin-round rock-san marcos
texas,calhoun,port lavaca
texas,callahan,abilene
texas,cameron,brownsville-harlingen
texas,camp,mount pleasant
texas,carson,amarillo
texas,chambers,houston-pasadena-the woodlands
texas,cherokee,jacksonville
texas,clay,wichita falls
texas,cochran,lubbock
texas,collin,dallas-fort worth-arlington
texas,comal,san antonio-new braunfels
texas,cooke,gainesville
texas,coryell,killeen-temple
texas,crosby,lubbock
texas,dallas,dallas-fort worth-arlington
texas,deaf smith,hereford
texas,denton,dallas-fort worth-arlington
texas,ector,odessa
texas,ellis,dallas-fort worth-arlington
texas,el paso,el paso
texas,erath,stephenville
texas,falls,waco
texas,fannin,bonham
texas,floyd,plainview
texas,fort bend,houston-pasadena-the woodlands
texas,galveston,houston-pasadena-the woodlands
texas,garza,lubbock
texas,gillespie,fredericksburg
texas,goliad,victoria
texas,gray,pampa
texas,grayson,sherman-denison
texas,gregg,longview
texas,guadalupe,san antonio-new braunfels
texas,hale,plainview
texas,hardin,beaumont-port arthur
texas,harris,houston-pasadena-the woodlands
texas,harrison,longview
texas,hays,austin-round rock-san marcos
texas,henderson,athens
texas,hidalgo,mcallen-edinburg-mission
texas,hockley,lubbock
texas,hood,granbury
texas,hopkins,sulphur springs
texas,howard,big spring
texas,hudspeth,el paso
texas,hunt,dallas-fort worth-arlington
texas,hutchinson,borger
texas,irion,san angelo
texas,jefferson,beaumont-port arthur
texas,jim wells,alice
texas,johnson,dallas-fort worth-arlington
texas,jones,abilene
texas,kaufman,dallas-fort worth-arlington
texas,kendall,san antonio-new braunfels
texas,kerr,kerrville
texas,kleberg,kingsville
texas,lamar,paris
texas,lampasas,killeen-temple
texas,liberty,houston-pasadena-the woodlands
texas,lubbock,lubbock
texas,lynn,lubbock
texas,mclennan,waco
texas,martin,midland
texas,matagorda,bay city
texas,maverick,eagle pass
texas,medina,san antonio-new braunfels
texas,midland,midland
texas,montgomery,houston-pasadena-the woodlands
texas,moore,dumas
texas,morris,mount pleasant
texas,nacogdoches,nacogdoches
texas,navarro,corsicana
texas,nolan,sweetwater
texas,nueces,corpus christi
texas,oldham,amarillo
texas,orange,beaumont-port arthur
texas,palo pinto,mineral wells
texas,parker,dallas-fort worth-arlington
texas,potter,amarillo
texas,randall,amarillo
texas,red river,paris
texas,reeves,town of pecos
texas,roberts,pampa
texas,robertson,college station-bryan
texas,rockwall,dallas-fort worth-arlington
texas,rusk,longview
texas,san jacinto,houston-pasadena-the woodlands
texas,san patricio,corpus christi
texas,scurry,snyder
texas,smith,tyler
texas,starr,rio grande city-roma
texas,tarrant,dallas-fort worth-arlington
texas,taylor,abilene
texas,titus,mount pleasant
texas,tom green,san angelo
texas,travis,austin-round rock-san marcos
texas,upshur,longview
texas,uvalde,uvalde
texas,val verde,del rio
texas,victoria,victoria
texas,walker,huntsville
texas,waller,houston-pasadena-the woodlands
texas,washington,brenham
texas,webb,laredo
texas,wharton,el campo
texas,wichita,wichita falls
texas,wilbarger,vernon
texas,willacy,raymondville
texas,williamson,austin-round rock-san marcos
texas,wilson,san antonio-new braunfels
texas,wise,dallas-fort worth-arlington
texas,zapata,zapata
utah,box elder,brigham city
utah,cache,logan
utah,carbon,price
utah,davis,ogden
utah,iron,cedar city
utah,juab,provo-orem-lehi
utah,morgan,ogden
utah,rich,evanston
utah,salt lake,salt lake city-murray
utah,summit,heber
utah,tooele,salt lake city-murray
utah,uintah,vernal
utah,utah,provo-orem-lehi
utah,wasatch,heber
utah,washington,st. george
utah,weber,ogden
vermont,bennington,bennington
vermont,chittenden,burlington-south burlington
vermont,franklin,burlington-south burlington
vermont,grand isle,burlington-south burlington
vermont,orange,lebanon-claremont
vermont,rutland,rutland
vermont,washington,barre
vermont,windham,brattleboro
vermont,windsor,lebanon-claremont
virginia,albemarle,charlottesville
virginia,amelia,richmond
virginia,amherst,lynchburg
virginia,appomattox,lynchburg
virginia,arlington,washington-arlington-alexandria
virginia,augusta,staunton-stuarts draft
virginia,bedford,lynchburg
virginia,botetourt,roanoke
virginia,campbell,lynchburg
virginia,charles city,richmond
virginia,chesterfield,richmond
virginia,clarke,washington-arlington-alexandria
virginia,craig,roanoke
virginia,culpeper,washington-arlington-alexandria
virginia,dinwiddie,richmond
virginia,fairfax,washington-arlington-alexandria
virginia,fauquier,washington-arlington-alexandria
virginia,floyd,blacksburg-christiansburg-radford
virginia,fluvanna,charlottesville
virginia,franklin,roanoke
virginia,frederick,winchester
virginia,giles,blacksburg-christiansburg-radford
virginia,gloucester,virginia beach-chesapeake-norfolk
virginia,goochland,richmond
virginia,greene,charlottesville
virginia,hanover,richmond
virginia,henrico,richmond
virginia,henry,martinsville
virginia,isle of wight,virginia beach-chesapeake-norfolk
virginia,james city,virginia beach-chesapeake-norfolk
virginia,king and queen,richmond
virginia,king william,richmond
virginia,loudoun,washington-arlington-alexandria
virginia,mathews,virginia beach-chesapeake-norfolk
virginia,montgomery,blacksburg-christiansburg-radford
virginia,nelson,charlottesville
virginia,new kent,richmond
virginia,orange,lake of the woods
virginia,pittsylvania,danville
virginia,powhatan,richmond
virginia,prince george,richmond
virginia,prince william,washington-arlington-alexandria
virginia,pulaski,blacksburg-christiansburg-radford
virginia,rappahannock,washington-arlington-alexandria
virginia,roanoke,roanoke
virginia,rockingham,harrisonburg
virginia,scott,kingsport-bristol
virginia,spotsylvania,washington-arlington-alexandria
virginia,stafford,washington-arlington-alexandria
virginia,surry,virginia beach-chesapeake-norfolk
virginia,sussex,richmond
virginia,tazewell,bluefield
virginia,warren,washington-arlington-alexandria
virginia,washington,kingsport-bristol
virginia,york,virginia beach-chesapeake-norfolk
virginia,alexandria city,washington-arlington-alexandria
virginia,bristol city,kingsport-bristol
virginia,charlottesville city,charlottesville
virginia,chesapeake city,virginia beach-chesapeake-norfolk
virginia,colonial heights city,richmond
virginia,danville city,danville
virginia,fairfax city,washington-arlington-alexandria
virginia,falls church city,washington-arlington-alexandria
virginia,fredericksburg city,washington-arlington-alexandria
virginia,hampton city,virginia beach-chesapeake-norfolk
virginia,harrisonburg city,harrisonburg
virginia,hopewell city,richmond
virginia,lynchburg city,lynchburg
virginia,manassas city,washington-arlington-alexandria
virginia,manassas park city,washington-arlington-alexandria
virginia,martinsville city,martinsville
virginia,newport news city,virginia beach-chesapeake-norfolk
virginia,norfolk city,virginia beach-chesapeake-norfolk
virginia,petersburg city,richmond
virginia,poquoson city,virginia beach-chesapeake-norfolk
virginia,portsmouth city,virginia beach-chesapeake-norfolk
virginia,radford city,blacksburg-christiansburg-radford
virginia,richmond city,richmond
virginia,roanoke city,roanoke
virginia,salem city,roanoke
virginia,staunton city,staunton-stuarts draft
virginia,suffolk city,virginia beach-chesapeake-norfolk
virginia,virginia beach city,virginia beach-chesapeake-norfolk
virginia,waynesboro city,staunton-stuarts draft
virginia,williamsburg city,virginia beach-chesapeake-norfolk
virginia,winchester city,winchester
washington,adams,othello
washington,asotin,lewiston
washington,benton,kennewick-richland
washington,chelan,wenatchee-east wenatchee
washington,clallam,port angeles
washington,clark,portland-vancouver-hillsboro
washington,cowlitz,longview-kelso
washington,douglas,wenatchee-east wenatchee
washington,franklin,kennewick-richland
washington,grant,moses lake
washington,grays harbor,aberdeen
washington,island,oak harbor
washington,jefferson,port townsend
washington,king,seattle-tacoma-bellevue
washington,kitsap,bremerton-silverdale-port orchard
washington,kittitas,ellensburg
washington,lewis,centralia
washington,mason,shelton
washington,pierce,seattle-tacoma-bellevue
washington,skagit,mount vernon-anacortes
washington,skamania,portland-vancouver-hillsboro
washington,snohomish,seattle-tacoma-bellevue
washington,spokane,spokane-spokane valley
washington,stevens,spokane-spokane valley
washington,thurston,olympia-lacey-tumwater
washington,walla walla,walla walla
washington,whatcom,bellingham
washington,whitman,pullman
washington,yakima,yakima
west virginia,berkeley,hagerstown-martinsburg
west virginia,boone,charleston
west virginia,brooke,weirton-steubenville
west virginia,cabell,huntington-ashland
west virginia,clay,charleston
west virginia,doddridge,clarksburg
west virginia,fayette,beckley
west virginia,hampshire,winchester
west virginia,hancock,weirton-steubenville
west virginia,harrison,clarksburg
west virginia,jefferson,washington-arlington-alexandria
west virginia,kanawha,charleston
west virginia,marion,fairmont
west virginia,marshall,wheeling
west virginia,mercer,bluefield
west virginia,mineral,cumberland
west virginia,monongalia,morgantown
west virginia,morgan,hagerstown-martinsburg
west virginia,ohio,wheeling
west virginia,preston,morgantown
west virginia,putnam,huntington-ashland
west virginia,raleigh,beckley
west virginia,randolph,elkins
west virginia,taylor,clarksburg
west virginia,wayne,huntington-ashland
west virginia,wirt,parkersburg-vienna
west virginia,wood,parkersburg-vienna
wisconsin,barron,rice lake
wisconsin,brown,green bay
wisconsin,calumet,appleton
wisconsin,chippewa,eau claire
wisconsin,columbia,madison
wisconsin,dane,madison
wisconsin,dodge,beaver dam
wisconsin,douglas,duluth
wisconsin,dunn,menomonie
wisconsin,eau claire,eau claire
wisconsin,florence,iron mountain
wisconsin,fond du lac,fond du lac
wisconsin,grant,platteville
wisconsin,green,madison
wisconsin,iowa,madison
wisconsin,jefferson,watertown-fort atkinson
wisconsin,kenosha,kenosha
wisconsin,kewaunee,green bay
wisconsin,la crosse,la crosse-onalaska
wisconsin,manitowoc,manitowoc
wisconsin,marathon,wausau
wisconsin,marinette,marinette
wisconsin,menominee,shawano
wisconsin,milwaukee,milwaukee-waukesha
wisconsin,monroe,sparta
wisconsin,oconto,green bay
wisconsin,outagamie,appleton
wisconsin,ozaukee,milwaukee-waukesha
wisconsin,pierce,minneapolis-st. paul-bloomington
wisconsin,portage,stevens point-plover
wisconsin,racine,racine-mount pleasant
wisconsin,rock,janesville-beloit
wisconsin,st. croix,minneapolis-st. paul-bloomington
wisconsin,sauk,baraboo
wisconsin,shawano,shawano
wisconsin,sheboygan,sheboygan
wisconsin,vernon,la crosse-onalaska
wisconsin,walworth,whitewater-elkhorn
wisconsin,washington,milwaukee-waukesha
wisconsin,waukesha,milwaukee-waukesha
wisconsin,winnebago,oshkosh-neenah
wisconsin,wood,wisconsin rapids-marshfield
wyoming,albany,laramie
wyoming,campbell,gillette
wyoming,fremont,riverton
wyoming,laramie,cheyenne
wyoming,natrona,casper
wyoming,park,cody
wyoming,sheridan,sheridan
wyoming,sweetwater,rock springs
wyoming,teton,jackson
wyoming,uinta,evanston
puerto rico,aguada,aguadilla
puerto rico,aguadilla,aguadilla
puerto rico,aguas buenas,san juan-bayamon-caguas
puerto rico,aibonito,san juan-bayamon-caguas
puerto rico,anasco,aguadilla
puerto rico,arecibo,arecibo
puerto rico,arroyo,guayama
puerto rico,barceloneta,san juan-bayamon-caguas
puerto rico,barranquitas,san juan-bayamon-caguas
puerto rico,bayamon,san juan-bayamon-caguas
puerto rico,cabo rojo,mayaguez
puerto rico,caguas,san juan-bayamon-caguas
puerto rico,camuy,arecibo
puerto rico,canovanas,san juan-bayamon-caguas
puerto rico,carolina,san juan-bayamon-caguas
puerto rico,catano,san juan-bayamon-caguas
puerto rico,cayey,san juan-bayamon-caguas
puerto rico,ceiba,san juan-bayamon-caguas
puerto rico,ciales,san juan-bayamon-caguas
puerto rico,cidra,san juan-bayamon-caguas
puerto rico,coamo,coamo
puerto rico,comerio,san juan-bayamon-caguas
puerto rico,corozal,san juan-bayamon-caguas
puerto rico,dorado,san juan-bayamon-caguas
puerto rico,fajardo,san juan-bayamon-caguas
puerto rico,florida,san juan-bayamon-caguas
puerto rico,guayama,guayama
puerto rico,guayanilla,ponce
puerto rico,guaynabo,san juan-bayamon-caguas
puerto rico,gurabo,san juan-bayamon-caguas
puerto rico,hatillo,arecibo
puerto rico,hormigueros,mayaguez
puerto rico,humacao,san juan-bayamon-caguas
puerto rico,isabela,aguadilla
puerto rico,juana diaz,ponce
puerto rico,juncos,san juan-bayamon-caguas
puerto rico,lajas,mayaguez
puerto rico,lares,lares
puerto rico,las piedras,san juan-bayamon-caguas
puerto rico,loiza,san juan-bayamon-caguas
puerto rico,luquillo,san juan-bayamon-caguas
puerto rico,manati,san juan-bayamon-caguas
puerto rico,maunabo,san juan-bayamon-caguas
puerto rico,mayaguez,mayaguez
puerto rico,moca,aguadilla
puerto rico,morovis,san juan-bayamon-caguas
puerto rico,naguabo,san juan-bayamon-caguas
puerto rico,naranjito,san juan-bayamon-caguas
puerto rico,orocovis,san juan-bayamon-caguas
puerto rico,patillas,guayama
puerto rico,penuelas,ponce
puerto rico,ponce,ponce
puerto rico,quebradillas,arecibo
puerto rico,rincon,aguadilla
puerto rico,rio grande,san juan-bayamon-caguas
puerto rico,sabana grande,mayaguez
puerto rico,salinas,coco
puerto rico,san german,mayaguez
puerto rico,san juan,san juan-bayamon-caguas
puerto rico,san lorenzo,san juan-bayamon-caguas
puerto rico,san sebastian,aguadilla
puerto rico,santa isabel,coamo
puerto rico,toa alta,san juan-bayamon-caguas
puerto rico,toa baja,san juan-bayamon-caguas
puerto rico,trujillo alto,san juan-bayamon-caguas
puerto rico,utuado,utuado
puerto rico,vega alta,san juan-bayamon-caguas
puerto rico,vega baja,san juan-bayamon-caguas
puerto rico,villalba,ponce
puerto rico,yabucoa,san juan-bayamon-caguas
puerto rico,yauco,ponce
